name,description,overrides
scalper-baseline,All 3 strategies enabled default params,InpEnableAsianBreakout=true\nInpEnableMeanReversion=true\nInpEnableMomentum=true\nInpDynamicAllocation=false\nInpRiskPerTradePct=0.5\nInpMaxDailyLossPct=3.0\nInpMaxDailyTrades=15\nInpMaxOpenTrades=3\nInpBreakoutMinRange=200.0\nInpBreakoutMaxRange=3000.0\nInpBreakoutMaxTrades=2\nInpMrMaxTrades=6\nInpMomMaxTrades=2
scalper-breakout-only,Asian Breakout strategy only,InpEnableAsianBreakout=true\nInpEnableMeanReversion=false\nInpEnableMomentum=false\nInpDynamicAllocation=false\nInpRiskPerTradePct=0.5\nInpMaxDailyLossPct=3.0\nInpMaxDailyTrades=5\nInpMaxOpenTrades=2\nInpBreakoutMinRange=200.0\nInpBreakoutMaxRange=3000.0\nInpBreakoutMaxTrades=3
scalper-mr-only,Mean Reversion strategy only,InpEnableAsianBreakout=false\nInpEnableMeanReversion=true\nInpEnableMomentum=false\nInpDynamicAllocation=false\nInpRiskPerTradePct=0.5\nInpMaxDailyLossPct=3.0\nInpMaxDailyTrades=10\nInpMaxOpenTrades=3\nInpMrMaxTrades=8
scalper-momentum-only,Momentum Continuation strategy only (EMA trend fallback),InpEnableAsianBreakout=false\nInpEnableMeanReversion=false\nInpEnableMomentum=true\nInpDynamicAllocation=false\nInpRiskPerTradePct=0.5\nInpMaxDailyLossPct=3.0\nInpMaxDailyTrades=5\nInpMaxOpenTrades=2\nInpMomMaxTrades=3
scalper-breakout-mr,Breakout plus Mean Reversion no momentum,InpEnableAsianBreakout=true\nInpEnableMeanReversion=true\nInpEnableMomentum=false\nInpDynamicAllocation=false\nInpRiskPerTradePct=0.5\nInpMaxDailyLossPct=3.0\nInpMaxDailyTrades=12\nInpMaxOpenTrades=3\nInpBreakoutMinRange=200.0\nInpBreakoutMaxRange=3000.0\nInpBreakoutMaxTrades=2\nInpMrMaxTrades=6
scalper-aggressive,All strategies with higher risk,InpEnableAsianBreakout=true\nInpEnableMeanReversion=true\nInpEnableMomentum=true\nInpDynamicAllocation=false\nInpRiskPerTradePct=1.0\nInpMaxDailyLossPct=5.0\nInpMaxDailyTrades=20\nInpMaxOpenTrades=4\nInpBreakoutMinRange=200.0\nInpBreakoutMaxRange=3000.0\nInpBreakoutMaxTrades=3\nInpMrMaxTrades=8\nInpMomMaxTrades=3
scalper-conservative,All strategies with lower risk,InpEnableAsianBreakout=true\nInpEnableMeanReversion=true\nInpEnableMomentum=true\nInpDynamicAllocation=false\nInpRiskPerTradePct=0.3\nInpMaxDailyLossPct=2.0\nInpMaxDailyTrades=10\nInpMaxOpenTrades=2\nInpBreakoutMinRange=200.0\nInpBreakoutMaxRange=3000.0\nInpBreakoutMaxTrades=2\nInpMrMaxTrades=4\nInpMomMaxTrades=2
scalper-mr-lowrisk,Mean Reversion only with lower risk to reduce drawdown,InpEnableAsianBreakout=false\nInpEnableMeanReversion=true\nInpEnableMomentum=false\nInpDynamicAllocation=false\nInpRiskPerTradePct=0.25\nInpMaxDailyLossPct=2.0\nInpMaxDailyTrades=10\nInpMaxOpenTrades=3\nInpMrMaxTrades=8
scalper-breakout-loose,Asian Breakout with relaxed range filter (wider acceptance),InpEnableAsianBreakout=true\nInpEnableMeanReversion=false\nInpEnableMomentum=false\nInpDynamicAllocation=false\nInpRiskPerTradePct=0.5\nInpMaxDailyLossPct=3.0\nInpMaxDailyTrades=5\nInpMaxOpenTrades=2\nInpBreakoutMinRange=150.0\nInpBreakoutMaxRange=5000.0\nInpBreakoutMaxTrades=3
mr-v2-adx,MR with ADX regime filter only,InpEnableAsianBreakout=false\nInpEnableMeanReversion=true\nInpEnableMomentum=false\nInpDynamicAllocation=false\nInpRiskPerTradePct=0.5\nInpMrMaxTrades=8\nInpMrAdxPeriod=14\nInpMrAdxMax=25.0\nInpMrBbMinWidth=0.0\nInpMaxConsecLoss=0\nInpEnableDdScaling=false
mr-v2-squeeze,MR with BB squeeze filter only,InpEnableAsianBreakout=false\nInpEnableMeanReversion=true\nInpEnableMomentum=false\nInpDynamicAllocation=false\nInpRiskPerTradePct=0.5\nInpMrMaxTrades=8\nInpMrAdxMax=0.0\nInpMrBbMinWidth=0.3\nInpMaxConsecLoss=0\nInpEnableDdScaling=false
mr-v2-cooldown,MR with 2-loss cooldown only,InpEnableAsianBreakout=false\nInpEnableMeanReversion=true\nInpEnableMomentum=false\nInpDynamicAllocation=false\nInpRiskPerTradePct=0.5\nInpMrMaxTrades=8\nInpMrAdxMax=0.0\nInpMrBbMinWidth=0.0\nInpMaxConsecLoss=2\nInpEnableDdScaling=false
mr-v2-widersl,MR with ATR 2.0 SL only,InpEnableAsianBreakout=false\nInpEnableMeanReversion=true\nInpEnableMomentum=false\nInpDynamicAllocation=false\nInpRiskPerTradePct=0.5\nInpMrMaxTrades=8\nInpMrSlAtr=2.0\nInpMrAdxMax=0.0\nInpMrBbMinWidth=0.0\nInpMaxConsecLoss=0\nInpEnableDdScaling=false
mr-v2-full,MR with all 5 improvements,InpEnableAsianBreakout=false\nInpEnableMeanReversion=true\nInpEnableMomentum=false\nInpDynamicAllocation=false\nInpRiskPerTradePct=0.5\nInpMrMaxTrades=8\nInpMrSlAtr=2.0\nInpMrAdxMax=25.0\nInpMrBbMinWidth=0.3\nInpMaxConsecLoss=2\nInpEnableDdScaling=true
mr-v2-full-lowrisk,MR all improvements conservative risk,InpEnableAsianBreakout=false\nInpEnableMeanReversion=true\nInpEnableMomentum=false\nInpDynamicAllocation=false\nInpRiskPerTradePct=0.25\nInpMrMaxTrades=8\nInpMrSlAtr=2.0\nInpMrAdxMax=25.0\nInpMrBbMinWidth=0.3\nInpMaxConsecLoss=2\nInpEnableDdScaling=true
mr-v2-noadx,MR wider SL + squeeze + cooldown + DD scaling (no ADX),InpEnableAsianBreakout=false\nInpEnableMeanReversion=true\nInpEnableMomentum=false\nInpDynamicAllocation=false\nInpRiskPerTradePct=0.5\nInpMrMaxTrades=8\nInpMrSlAtr=2.0\nInpMrAdxMax=0.0\nInpMrBbMinWidth=0.3\nInpMaxConsecLoss=2\nInpEnableDdScaling=true
mr-v2-noadx-lowrisk,MR wider SL + squeeze + cooldown + DD scaling + low risk (no ADX),InpEnableAsianBreakout=false\nInpEnableMeanReversion=true\nInpEnableMomentum=false\nInpDynamicAllocation=false\nInpRiskPerTradePct=0.25\nInpMrMaxTrades=8\nInpMrSlAtr=2.0\nInpMrAdxMax=0.0\nInpMrBbMinWidth=0.3\nInpMaxConsecLoss=2\nInpEnableDdScaling=true
mr-v3,MR phase 5 full improvements,InpEnableAsianBreakout=false\nInpEnableMeanReversion=true\nInpEnableMomentum=false\nInpDynamicAllocation=false\nInpRiskPerTradePct=0.5\nInpMrMaxTrades=8\nInpMrSlAtr=2.0\nInpMrAdxMax=0.0\nInpMrBbMinWidth=0.3\nInpMaxConsecLoss=0\nInpEnableDdScaling=true\nInpMrRegimeFilter=true\nInpMrTrailBE=true\nInpMrTrailBETrigger=1.0\nInpNyOverlapStartHour=10\nInpNyOverlapEndHour=18
mr-v4-safe,MR with Regime Filter and Trailing BE but keeping ADX and strict SL,InpEnableAsianBreakout=false\nInpEnableMeanReversion=true\nInpEnableMomentum=false\nInpDynamicAllocation=false\nInpRiskPerTradePct=0.5\nInpMrMaxTrades=8\nInpMrSlAtr=1.5\nInpMrAdxMax=25.0\nInpMrBbMinWidth=0.3\nInpMaxConsecLoss=2\nInpEnableDdScaling=true\nInpMrRegimeFilter=true\nInpMrTrailBE=true\nInpMrTrailBETrigger=1.0\nInpNyOverlapStartHour=12\nInpNyOverlapEndHour=16
dynamic-balanced,Dynamic allocation all strategies balanced risk,InpEnableAsianBreakout=true\nInpEnableMeanReversion=true\nInpEnableMomentum=true\nInpDynamicAllocation=true\nInpGatekeeperAdxPeriod=14\nInpGatekeeperAdxLevel=25.0\nInpRiskPerTradePct=0.5\nInpMaxDailyLossPct=3.0\nInpMaxDailyTrades=15\nInpMaxOpenTrades=3\nInpBreakoutMinRange=200.0\nInpBreakoutMaxRange=3000.0\nInpBreakoutMaxTrades=2\nInpMrMaxTrades=6\nInpMrSlAtr=1.5\nInpMrAdxMax=25.0\nInpMrBbMinWidth=0.3\nInpMaxConsecLoss=2\nInpEnableDdScaling=true\nInpMrRegimeFilter=true\nInpMrTrailBE=true\nInpMrTrailBETrigger=1.0\nInpNyOverlapStartHour=12\nInpNyOverlapEndHour=16\nInpMomMaxTrades=2
dynamic-conservative,Dynamic allocation all strategies conservative risk,InpEnableAsianBreakout=true\nInpEnableMeanReversion=true\nInpEnableMomentum=true\nInpDynamicAllocation=true\nInpGatekeeperAdxPeriod=14\nInpGatekeeperAdxLevel=25.0\nInpRiskPerTradePct=0.25\nInpMaxDailyLossPct=2.0\nInpMaxDailyTrades=8\nInpMaxOpenTrades=2\nInpBreakoutMinRange=200.0\nInpBreakoutMaxRange=3000.0\nInpBreakoutMaxTrades=1\nInpMrMaxTrades=4\nInpMrSlAtr=1.5\nInpMrAdxMax=25.0\nInpMrBbMinWidth=0.3\nInpMaxConsecLoss=2\nInpEnableDdScaling=true\nInpMrRegimeFilter=true\nInpMrTrailBE=true\nInpMrTrailBETrigger=1.0\nInpNyOverlapStartHour=12\nInpNyOverlapEndHour=16\nInpMomMaxTrades=1
dynamic-riskguard-balanced,Dynamic allocation balanced risk with global riskguard accounting,InpEnableAsianBreakout=true\nInpEnableMeanReversion=true\nInpEnableMomentum=true\nInpDynamicAllocation=true\nInpGatekeeperAdxPeriod=14\nInpGatekeeperAdxLevel=25.0\nInpRiskPerTradePct=0.5\nInpMaxDailyLossPct=3.0\nInpMaxDailyTrades=15\nInpMaxOpenTrades=3\nInpBreakoutMinRange=200.0\nInpBreakoutMaxRange=3000.0\nInpBreakoutMaxTrades=2\nInpMrMaxTrades=6\nInpMrSlAtr=1.5\nInpMrAdxMax=25.0\nInpMrBbMinWidth=0.3\nInpMaxConsecLoss=2\nInpEnableDdScaling=true\nInpMrRegimeFilter=true\nInpMrTrailBE=true\nInpMrTrailBETrigger=1.0\nInpNyOverlapStartHour=12\nInpNyOverlapEndHour=16\nInpMomMaxTrades=2
dynamic-riskguard-conservative,Dynamic allocation conservative risk with global riskguard accounting,InpEnableAsianBreakout=true\nInpEnableMeanReversion=true\nInpEnableMomentum=true\nInpDynamicAllocation=true\nInpGatekeeperAdxPeriod=14\nInpGatekeeperAdxLevel=25.0\nInpRiskPerTradePct=0.25\nInpMaxDailyLossPct=2.0\nInpMaxDailyTrades=8\nInpMaxOpenTrades=2\nInpBreakoutMinRange=200.0\nInpBreakoutMaxRange=3000.0\nInpBreakoutMaxTrades=1\nInpMrMaxTrades=4\nInpMrSlAtr=1.5\nInpMrAdxMax=25.0\nInpMrBbMinWidth=0.3\nInpMaxConsecLoss=2\nInpEnableDdScaling=true\nInpMrRegimeFilter=true\nInpMrTrailBE=true\nInpMrTrailBETrigger=1.0\nInpNyOverlapStartHour=12\nInpNyOverlapEndHour=16\nInpMomMaxTrades=1
dynamic-breakout-regime-strict,Dynamic riskguard with strict breakout regime direction and quality filters,InpEnableAsianBreakout=true\nInpEnableMeanReversion=true\nInpEnableMomentum=true\nInpDynamicAllocation=true\nInpGatekeeperAdxPeriod=14\nInpGatekeeperAdxLevel=25.0\nInpRiskPerTradePct=0.25\nInpMaxDailyLossPct=2.0\nInpMaxDailyTrades=8\nInpMaxOpenTrades=2\nInpBreakoutMinRange=200.0\nInpBreakoutMaxRange=3000.0\nInpBreakoutMaxTrades=1\nInpBreakoutRegimeFilter=true\nInpBreakoutDirectionFilter=true\nInpBreakoutTrendEmaPeriod=50\nInpBreakoutAdxPeriod=14\nInpBreakoutAdxMin=18.0\nInpBreakoutAdxMax=35.0\nInpBreakoutRangeAtrMin=0.12\nInpBreakoutRangeAtrMax=0.55\nInpBreakoutPriorDayAtrMax=1.8\nInpMrMaxTrades=4\nInpMrSlAtr=1.5\nInpMrAdxMax=25.0\nInpMrBbMinWidth=0.3\nInpMaxConsecLoss=2\nInpEnableDdScaling=true\nInpMrRegimeFilter=true\nInpMrTrailBE=true\nInpMrTrailBETrigger=1.0\nInpNyOverlapStartHour=12\nInpNyOverlapEndHour=16\nInpMomMaxTrades=1
dynamic-breakout-regime-soft,Dynamic riskguard with softer breakout regime direction and quality filters,InpEnableAsianBreakout=true\nInpEnableMeanReversion=true\nInpEnableMomentum=true\nInpDynamicAllocation=true\nInpGatekeeperAdxPeriod=14\nInpGatekeeperAdxLevel=25.0\nInpRiskPerTradePct=0.25\nInpMaxDailyLossPct=2.0\nInpMaxDailyTrades=8\nInpMaxOpenTrades=2\nInpBreakoutMinRange=200.0\nInpBreakoutMaxRange=3000.0\nInpBreakoutMaxTrades=1\nInpBreakoutRegimeFilter=true\nInpBreakoutDirectionFilter=true\nInpBreakoutTrendEmaPeriod=50\nInpBreakoutAdxPeriod=14\nInpBreakoutAdxMin=14.0\nInpBreakoutAdxMax=45.0\nInpBreakoutRangeAtrMin=0.08\nInpBreakoutRangeAtrMax=0.75\nInpBreakoutPriorDayAtrMax=2.4\nInpMrMaxTrades=4\nInpMrSlAtr=1.5\nInpMrAdxMax=25.0\nInpMrBbMinWidth=0.3\nInpMaxConsecLoss=2\nInpEnableDdScaling=true\nInpMrRegimeFilter=true\nInpMrTrailBE=true\nInpMrTrailBETrigger=1.0\nInpNyOverlapStartHour=12\nInpNyOverlapEndHour=16\nInpMomMaxTrades=1
dynamic-breakout-regime-volonly,Dynamic riskguard with breakout ADX and range filters only both directions allowed,InpEnableAsianBreakout=true\nInpEnableMeanReversion=true\nInpEnableMomentum=true\nInpDynamicAllocation=true\nInpGatekeeperAdxPeriod=14\nInpGatekeeperAdxLevel=25.0\nInpRiskPerTradePct=0.25\nInpMaxDailyLossPct=2.0\nInpMaxDailyTrades=8\nInpMaxOpenTrades=2\nInpBreakoutMinRange=200.0\nInpBreakoutMaxRange=3000.0\nInpBreakoutMaxTrades=1\nInpBreakoutRegimeFilter=true\nInpBreakoutDirectionFilter=false\nInpBreakoutTrendEmaPeriod=50\nInpBreakoutAdxPeriod=14\nInpBreakoutAdxMin=14.0\nInpBreakoutAdxMax=45.0\nInpBreakoutRangeAtrMin=0.08\nInpBreakoutRangeAtrMax=0.75\nInpBreakoutPriorDayAtrMax=0.0\nInpMrMaxTrades=4\nInpMrSlAtr=1.5\nInpMrAdxMax=25.0\nInpMrBbMinWidth=0.3\nInpMaxConsecLoss=2\nInpEnableDdScaling=true\nInpMrRegimeFilter=true\nInpMrTrailBE=true\nInpMrTrailBETrigger=1.0\nInpNyOverlapStartHour=12\nInpNyOverlapEndHour=16\nInpMomMaxTrades=1
dynamic-breakout-regime-strict-both,Strict breakout regime with both breakout directions allowed,InpEnableAsianBreakout=true\nInpEnableMeanReversion=true\nInpEnableMomentum=true\nInpDynamicAllocation=true\nInpGatekeeperAdxPeriod=14\nInpGatekeeperAdxLevel=25.0\nInpRiskPerTradePct=0.25\nInpMaxDailyLossPct=2.0\nInpMaxDailyTrades=8\nInpMaxOpenTrades=2\nInpBreakoutMinRange=200.0\nInpBreakoutMaxRange=3000.0\nInpBreakoutMaxTrades=1\nInpBreakoutRegimeFilter=true\nInpBreakoutDirectionFilter=false\nInpBreakoutTrendEmaPeriod=50\nInpBreakoutAdxPeriod=14\nInpBreakoutAdxMin=18.0\nInpBreakoutAdxMax=35.0\nInpBreakoutRangeAtrMin=0.12\nInpBreakoutRangeAtrMax=0.55\nInpBreakoutPriorDayAtrMax=1.8\nInpMrMaxTrades=4\nInpMrSlAtr=1.5\nInpMrAdxMax=25.0\nInpMrBbMinWidth=0.3\nInpMaxConsecLoss=2\nInpEnableDdScaling=true\nInpMrRegimeFilter=true\nInpMrTrailBE=true\nInpMrTrailBETrigger=1.0\nInpNyOverlapStartHour=12\nInpNyOverlapEndHour=16\nInpMomMaxTrades=1
dynamic-breakout-regime-strict-wide,Strict breakout regime with wider ADX range and ATR quality filters,InpEnableAsianBreakout=true\nInpEnableMeanReversion=true\nInpEnableMomentum=true\nInpDynamicAllocation=true\nInpGatekeeperAdxPeriod=14\nInpGatekeeperAdxLevel=25.0\nInpRiskPerTradePct=0.25\nInpMaxDailyLossPct=2.0\nInpMaxDailyTrades=8\nInpMaxOpenTrades=2\nInpBreakoutMinRange=200.0\nInpBreakoutMaxRange=3000.0\nInpBreakoutMaxTrades=1\nInpBreakoutRegimeFilter=true\nInpBreakoutDirectionFilter=true\nInpBreakoutTrendEmaPeriod=50\nInpBreakoutAdxPeriod=14\nInpBreakoutAdxMin=14.0\nInpBreakoutAdxMax=45.0\nInpBreakoutRangeAtrMin=0.08\nInpBreakoutRangeAtrMax=0.75\nInpBreakoutPriorDayAtrMax=2.4\nInpMrMaxTrades=4\nInpMrSlAtr=1.5\nInpMrAdxMax=25.0\nInpMrBbMinWidth=0.3\nInpMaxConsecLoss=2\nInpEnableDdScaling=true\nInpMrRegimeFilter=true\nInpMrTrailBE=true\nInpMrTrailBETrigger=1.0\nInpNyOverlapStartHour=12\nInpNyOverlapEndHour=16\nInpMomMaxTrades=1
dynamic-breakout-regime-strict-fill,Strict breakout regime with tighter entry buffer and longer pending-order lifetime,InpEnableAsianBreakout=true\nInpEnableMeanReversion=true\nInpEnableMomentum=true\nInpDynamicAllocation=true\nInpGatekeeperAdxPeriod=14\nInpGatekeeperAdxLevel=25.0\nInpRiskPerTradePct=0.25\nInpMaxDailyLossPct=2.0\nInpMaxDailyTrades=8\nInpMaxOpenTrades=2\nInpLondonEndHour=15\nInpBreakoutBuffer=0.5\nInpBreakoutMinRange=200.0\nInpBreakoutMaxRange=3000.0\nInpBreakoutMaxTrades=1\nInpBreakoutRegimeFilter=true\nInpBreakoutDirectionFilter=true\nInpBreakoutTrendEmaPeriod=50\nInpBreakoutAdxPeriod=14\nInpBreakoutAdxMin=18.0\nInpBreakoutAdxMax=35.0\nInpBreakoutRangeAtrMin=0.12\nInpBreakoutRangeAtrMax=0.55\nInpBreakoutPriorDayAtrMax=1.8\nInpMrMaxTrades=4\nInpMrSlAtr=1.5\nInpMrAdxMax=25.0\nInpMrBbMinWidth=0.3\nInpMaxConsecLoss=2\nInpEnableDdScaling=true\nInpMrRegimeFilter=true\nInpMrTrailBE=true\nInpMrTrailBETrigger=1.0\nInpNyOverlapStartHour=12\nInpNyOverlapEndHour=16\nInpMomMaxTrades=1
dynamic-breakout-regime-strict-wide-fill,Strict breakout regime with wider quality filters plus tighter buffer and longer order lifetime,InpEnableAsianBreakout=true\nInpEnableMeanReversion=true\nInpEnableMomentum=true\nInpDynamicAllocation=true\nInpGatekeeperAdxPeriod=14\nInpGatekeeperAdxLevel=25.0\nInpRiskPerTradePct=0.25\nInpMaxDailyLossPct=2.0\nInpMaxDailyTrades=8\nInpMaxOpenTrades=2\nInpLondonEndHour=15\nInpBreakoutBuffer=0.5\nInpBreakoutMinRange=200.0\nInpBreakoutMaxRange=3000.0\nInpBreakoutMaxTrades=1\nInpBreakoutRegimeFilter=true\nInpBreakoutDirectionFilter=true\nInpBreakoutTrendEmaPeriod=50\nInpBreakoutAdxPeriod=14\nInpBreakoutAdxMin=14.0\nInpBreakoutAdxMax=45.0\nInpBreakoutRangeAtrMin=0.08\nInpBreakoutRangeAtrMax=0.75\nInpBreakoutPriorDayAtrMax=2.4\nInpMrMaxTrades=4\nInpMrSlAtr=1.5\nInpMrAdxMax=25.0\nInpMrBbMinWidth=0.3\nInpMaxConsecLoss=2\nInpEnableDdScaling=true\nInpMrRegimeFilter=true\nInpMrTrailBE=true\nInpMrTrailBETrigger=1.0\nInpNyOverlapStartHour=12\nInpNyOverlapEndHour=16\nInpMomMaxTrades=1
dynamic-breakout-regime-strict-maxfreq,Strict breakout regime maximum frequency ladder with both directions wider filters tighter buffer longer lifetime and two breakout trades,InpEnableAsianBreakout=true\nInpEnableMeanReversion=true\nInpEnableMomentum=true\nInpDynamicAllocation=true\nInpGatekeeperAdxPeriod=14\nInpGatekeeperAdxLevel=25.0\nInpRiskPerTradePct=0.25\nInpMaxDailyLossPct=2.0\nInpMaxDailyTrades=8\nInpMaxOpenTrades=2\nInpLondonEndHour=15\nInpBreakoutBuffer=0.5\nInpBreakoutMinRange=200.0\nInpBreakoutMaxRange=3000.0\nInpBreakoutMaxTrades=2\nInpBreakoutRegimeFilter=true\nInpBreakoutDirectionFilter=false\nInpBreakoutTrendEmaPeriod=50\nInpBreakoutAdxPeriod=14\nInpBreakoutAdxMin=14.0\nInpBreakoutAdxMax=45.0\nInpBreakoutRangeAtrMin=0.08\nInpBreakoutRangeAtrMax=0.75\nInpBreakoutPriorDayAtrMax=2.4\nInpMrMaxTrades=4\nInpMrSlAtr=1.5\nInpMrAdxMax=25.0\nInpMrBbMinWidth=0.3\nInpMaxConsecLoss=2\nInpEnableDdScaling=true\nInpMrRegimeFilter=true\nInpMrTrailBE=true\nInpMrTrailBETrigger=1.0\nInpNyOverlapStartHour=12\nInpNyOverlapEndHour=16\nInpMomMaxTrades=1
dynamic-riskguard-conservative-ny,Dynamic riskguard conservative plus NY breakout comparison variant,InpEnableAsianBreakout=true\nInpEnableNyBreakout=true\nInpNyBreakoutRangeStartHour=7\nInpNyBreakoutRangeEndHour=12\nInpNyBreakoutStartHour=13\nInpNyBreakoutEndHour=18\nInpNyBreakoutBuffer=0.5\nInpNyBreakoutMinRange=200.0\nInpNyBreakoutMaxRange=5000.0\nInpNyBreakoutRR=1.5\nInpNyBreakoutMaxTrades=1\nInpEnableMeanReversion=true\nInpEnableMomentum=true\nInpDynamicAllocation=true\nInpGatekeeperAdxPeriod=14\nInpGatekeeperAdxLevel=25.0\nInpRiskPerTradePct=0.25\nInpMaxDailyLossPct=2.0\nInpMaxDailyTrades=12\nInpMaxOpenTrades=3\nInpBreakoutMinRange=200.0\nInpBreakoutMaxRange=3000.0\nInpBreakoutMaxTrades=1\nInpMrMaxTrades=4\nInpMrSlAtr=1.5\nInpMrAdxMax=25.0\nInpMrBbMinWidth=0.3\nInpMaxConsecLoss=2\nInpEnableDdScaling=true\nInpMrRegimeFilter=true\nInpMrTrailBE=true\nInpMrTrailBETrigger=1.0\nInpNyOverlapStartHour=12\nInpNyOverlapEndHour=16\nInpMomMaxTrades=1
dynamic-breakout-regime-strict-ny,Strict breakout regime plus NY breakout comparison variant,InpEnableAsianBreakout=true\nInpEnableNyBreakout=true\nInpNyBreakoutRangeStartHour=7\nInpNyBreakoutRangeEndHour=12\nInpNyBreakoutStartHour=13\nInpNyBreakoutEndHour=18\nInpNyBreakoutBuffer=0.5\nInpNyBreakoutMinRange=200.0\nInpNyBreakoutMaxRange=5000.0\nInpNyBreakoutRR=1.5\nInpNyBreakoutMaxTrades=1\nInpEnableMeanReversion=true\nInpEnableMomentum=true\nInpDynamicAllocation=true\nInpGatekeeperAdxPeriod=14\nInpGatekeeperAdxLevel=25.0\nInpRiskPerTradePct=0.25\nInpMaxDailyLossPct=2.0\nInpMaxDailyTrades=12\nInpMaxOpenTrades=3\nInpBreakoutMinRange=200.0\nInpBreakoutMaxRange=3000.0\nInpBreakoutMaxTrades=1\nInpBreakoutRegimeFilter=true\nInpBreakoutDirectionFilter=true\nInpBreakoutTrendEmaPeriod=50\nInpBreakoutAdxPeriod=14\nInpBreakoutAdxMin=18.0\nInpBreakoutAdxMax=35.0\nInpBreakoutRangeAtrMin=0.12\nInpBreakoutRangeAtrMax=0.55\nInpBreakoutPriorDayAtrMax=1.8\nInpMrMaxTrades=4\nInpMrSlAtr=1.5\nInpMrAdxMax=25.0\nInpMrBbMinWidth=0.3\nInpMaxConsecLoss=2\nInpEnableDdScaling=true\nInpMrRegimeFilter=true\nInpMrTrailBE=true\nInpMrTrailBETrigger=1.0\nInpNyOverlapStartHour=12\nInpNyOverlapEndHour=16\nInpMomMaxTrades=1
dynamic-breakout-regime-soft-ny,Soft breakout regime plus NY breakout comparison variant,InpEnableAsianBreakout=true\nInpEnableNyBreakout=true\nInpNyBreakoutRangeStartHour=7\nInpNyBreakoutRangeEndHour=12\nInpNyBreakoutStartHour=13\nInpNyBreakoutEndHour=18\nInpNyBreakoutBuffer=0.5\nInpNyBreakoutMinRange=200.0\nInpNyBreakoutMaxRange=5000.0\nInpNyBreakoutRR=1.5\nInpNyBreakoutMaxTrades=1\nInpEnableMeanReversion=true\nInpEnableMomentum=true\nInpDynamicAllocation=true\nInpGatekeeperAdxPeriod=14\nInpGatekeeperAdxLevel=25.0\nInpRiskPerTradePct=0.25\nInpMaxDailyLossPct=2.0\nInpMaxDailyTrades=12\nInpMaxOpenTrades=3\nInpBreakoutMinRange=200.0\nInpBreakoutMaxRange=3000.0\nInpBreakoutMaxTrades=1\nInpBreakoutRegimeFilter=true\nInpBreakoutDirectionFilter=true\nInpBreakoutTrendEmaPeriod=50\nInpBreakoutAdxPeriod=14\nInpBreakoutAdxMin=14.0\nInpBreakoutAdxMax=45.0\nInpBreakoutRangeAtrMin=0.08\nInpBreakoutRangeAtrMax=0.75\nInpBreakoutPriorDayAtrMax=2.4\nInpMrMaxTrades=4\nInpMrSlAtr=1.5\nInpMrAdxMax=25.0\nInpMrBbMinWidth=0.3\nInpMaxConsecLoss=2\nInpEnableDdScaling=true\nInpMrRegimeFilter=true\nInpMrTrailBE=true\nInpMrTrailBETrigger=1.0\nInpNyOverlapStartHour=12\nInpNyOverlapEndHour=16\nInpMomMaxTrades=1
dynamic-breakout-regime-volonly-ny,Volatility-only breakout regime plus NY breakout comparison variant,InpEnableAsianBreakout=true\nInpEnableNyBreakout=true\nInpNyBreakoutRangeStartHour=7\nInpNyBreakoutRangeEndHour=12\nInpNyBreakoutStartHour=13\nInpNyBreakoutEndHour=18\nInpNyBreakoutBuffer=0.5\nInpNyBreakoutMinRange=200.0\nInpNyBreakoutMaxRange=5000.0\nInpNyBreakoutRR=1.5\nInpNyBreakoutMaxTrades=1\nInpEnableMeanReversion=true\nInpEnableMomentum=true\nInpDynamicAllocation=true\nInpGatekeeperAdxPeriod=14\nInpGatekeeperAdxLevel=25.0\nInpRiskPerTradePct=0.25\nInpMaxDailyLossPct=2.0\nInpMaxDailyTrades=12\nInpMaxOpenTrades=3\nInpBreakoutMinRange=200.0\nInpBreakoutMaxRange=3000.0\nInpBreakoutMaxTrades=1\nInpBreakoutRegimeFilter=true\nInpBreakoutDirectionFilter=false\nInpBreakoutTrendEmaPeriod=50\nInpBreakoutAdxPeriod=14\nInpBreakoutAdxMin=14.0\nInpBreakoutAdxMax=45.0\nInpBreakoutRangeAtrMin=0.08\nInpBreakoutRangeAtrMax=0.75\nInpBreakoutPriorDayAtrMax=0.0\nInpMrMaxTrades=4\nInpMrSlAtr=1.5\nInpMrAdxMax=25.0\nInpMrBbMinWidth=0.3\nInpMaxConsecLoss=2\nInpEnableDdScaling=true\nInpMrRegimeFilter=true\nInpMrTrailBE=true\nInpMrTrailBETrigger=1.0\nInpNyOverlapStartHour=12\nInpNyOverlapEndHour=16\nInpMomMaxTrades=1
dynamic-breakout-regime-strict-ny-runner-base,Strict NY breakout with split core runner conservative risk,InpEnableAsianBreakout=true\nInpEnableNyBreakout=true\nInpNyBreakoutRangeStartHour=7\nInpNyBreakoutRangeEndHour=12\nInpNyBreakoutStartHour=13\nInpNyBreakoutEndHour=18\nInpNyBreakoutBuffer=0.5\nInpNyBreakoutMinRange=200.0\nInpNyBreakoutMaxRange=5000.0\nInpNyBreakoutRR=1.5\nInpNyBreakoutMaxTrades=1\nInpEnableMeanReversion=true\nInpEnableMomentum=true\nInpDynamicAllocation=true\nInpGatekeeperAdxPeriod=14\nInpGatekeeperAdxLevel=25.0\nInpRiskPerTradePct=0.25\nInpMaxDailyLossPct=2.0\nInpMaxDailyTrades=12\nInpMaxOpenTrades=4\nInpBreakoutMinRange=200.0\nInpBreakoutMaxRange=3000.0\nInpBreakoutMaxTrades=1\nInpBreakoutRegimeFilter=true\nInpBreakoutDirectionFilter=true\nInpBreakoutTrendEmaPeriod=50\nInpBreakoutAdxPeriod=14\nInpBreakoutAdxMin=18.0\nInpBreakoutAdxMax=35.0\nInpBreakoutRangeAtrMin=0.12\nInpBreakoutRangeAtrMax=0.55\nInpBreakoutPriorDayAtrMax=1.8\nInpBreakoutRunnerEnabled=true\nInpBreakoutRunnerCoreRiskShare=0.60\nInpBreakoutRunnerCoreRR=1.5\nInpBreakoutRunnerRR=0.0\nInpBreakoutRunnerBETriggerR=1.0\nInpBreakoutRunnerTrailStartR=1.5\nInpBreakoutRunnerTrailAtrMult=2.0\nInpBreakoutRunnerMaxHoldHours=12\nInpDdStopAtPct=20.0\nInpMrMaxTrades=4\nInpMrSlAtr=1.5\nInpMrAdxMax=25.0\nInpMrBbMinWidth=0.3\nInpMaxConsecLoss=2\nInpEnableDdScaling=true\nInpMrRegimeFilter=true\nInpMrTrailBE=true\nInpMrTrailBETrigger=1.0\nInpNyOverlapStartHour=12\nInpNyOverlapEndHour=16\nInpMomMaxTrades=1
dynamic-breakout-regime-strict-ny-runner-growth-050,Strict NY breakout runner growth risk 0.50,InpEnableAsianBreakout=true\nInpEnableNyBreakout=true\nInpNyBreakoutRangeStartHour=7\nInpNyBreakoutRangeEndHour=12\nInpNyBreakoutStartHour=13\nInpNyBreakoutEndHour=18\nInpNyBreakoutBuffer=0.5\nInpNyBreakoutMinRange=200.0\nInpNyBreakoutMaxRange=5000.0\nInpNyBreakoutRR=1.5\nInpNyBreakoutMaxTrades=1\nInpEnableMeanReversion=true\nInpEnableMomentum=true\nInpDynamicAllocation=true\nInpGatekeeperAdxPeriod=14\nInpGatekeeperAdxLevel=25.0\nInpRiskPerTradePct=0.50\nInpMaxDailyLossPct=3.0\nInpMaxDailyTrades=12\nInpMaxOpenTrades=4\nInpBreakoutMinRange=200.0\nInpBreakoutMaxRange=3000.0\nInpBreakoutMaxTrades=1\nInpBreakoutRegimeFilter=true\nInpBreakoutDirectionFilter=true\nInpBreakoutTrendEmaPeriod=50\nInpBreakoutAdxPeriod=14\nInpBreakoutAdxMin=18.0\nInpBreakoutAdxMax=35.0\nInpBreakoutRangeAtrMin=0.12\nInpBreakoutRangeAtrMax=0.55\nInpBreakoutPriorDayAtrMax=1.8\nInpBreakoutRunnerEnabled=true\nInpBreakoutRunnerCoreRiskShare=0.60\nInpBreakoutRunnerCoreRR=1.5\nInpBreakoutRunnerRR=0.0\nInpBreakoutRunnerBETriggerR=1.0\nInpBreakoutRunnerTrailStartR=1.5\nInpBreakoutRunnerTrailAtrMult=2.0\nInpBreakoutRunnerMaxHoldHours=12\nInpDdStopAtPct=30.0\nInpMrMaxTrades=4\nInpMrSlAtr=1.5\nInpMrAdxMax=25.0\nInpMrBbMinWidth=0.3\nInpMaxConsecLoss=2\nInpEnableDdScaling=true\nInpMrRegimeFilter=true\nInpMrTrailBE=true\nInpMrTrailBETrigger=1.0\nInpNyOverlapStartHour=12\nInpNyOverlapEndHour=16\nInpMomMaxTrades=1
dynamic-breakout-regime-strict-ny-runner-growth-075,Strict NY breakout runner growth risk 0.75,InpEnableAsianBreakout=true\nInpEnableNyBreakout=true\nInpNyBreakoutRangeStartHour=7\nInpNyBreakoutRangeEndHour=12\nInpNyBreakoutStartHour=13\nInpNyBreakoutEndHour=18\nInpNyBreakoutBuffer=0.5\nInpNyBreakoutMinRange=200.0\nInpNyBreakoutMaxRange=5000.0\nInpNyBreakoutRR=1.5\nInpNyBreakoutMaxTrades=1\nInpEnableMeanReversion=true\nInpEnableMomentum=true\nInpDynamicAllocation=true\nInpGatekeeperAdxPeriod=14\nInpGatekeeperAdxLevel=25.0\nInpRiskPerTradePct=0.75\nInpMaxDailyLossPct=4.0\nInpMaxDailyTrades=12\nInpMaxOpenTrades=4\nInpBreakoutMinRange=200.0\nInpBreakoutMaxRange=3000.0\nInpBreakoutMaxTrades=1\nInpBreakoutRegimeFilter=true\nInpBreakoutDirectionFilter=true\nInpBreakoutTrendEmaPeriod=50\nInpBreakoutAdxPeriod=14\nInpBreakoutAdxMin=18.0\nInpBreakoutAdxMax=35.0\nInpBreakoutRangeAtrMin=0.12\nInpBreakoutRangeAtrMax=0.55\nInpBreakoutPriorDayAtrMax=1.8\nInpBreakoutRunnerEnabled=true\nInpBreakoutRunnerCoreRiskShare=0.60\nInpBreakoutRunnerCoreRR=1.5\nInpBreakoutRunnerRR=0.0\nInpBreakoutRunnerBETriggerR=1.0\nInpBreakoutRunnerTrailStartR=1.5\nInpBreakoutRunnerTrailAtrMult=2.0\nInpBreakoutRunnerMaxHoldHours=12\nInpDdStopAtPct=30.0\nInpMrMaxTrades=4\nInpMrSlAtr=1.5\nInpMrAdxMax=25.0\nInpMrBbMinWidth=0.3\nInpMaxConsecLoss=2\nInpEnableDdScaling=true\nInpMrRegimeFilter=true\nInpMrTrailBE=true\nInpMrTrailBETrigger=1.0\nInpNyOverlapStartHour=12\nInpNyOverlapEndHour=16\nInpMomMaxTrades=1
dynamic-breakout-regime-strict-ny-runner-trend-050,Strict NY breakout runner trend hold risk 0.50,InpEnableAsianBreakout=true\nInpEnableNyBreakout=true\nInpNyBreakoutRangeStartHour=7\nInpNyBreakoutRangeEndHour=12\nInpNyBreakoutStartHour=13\nInpNyBreakoutEndHour=18\nInpNyBreakoutBuffer=0.5\nInpNyBreakoutMinRange=200.0\nInpNyBreakoutMaxRange=5000.0\nInpNyBreakoutRR=1.5\nInpNyBreakoutMaxTrades=1\nInpEnableMeanReversion=true\nInpEnableMomentum=true\nInpDynamicAllocation=true\nInpGatekeeperAdxPeriod=14\nInpGatekeeperAdxLevel=25.0\nInpRiskPerTradePct=0.50\nInpMaxDailyLossPct=3.0\nInpMaxDailyTrades=12\nInpMaxOpenTrades=4\nInpBreakoutMinRange=200.0\nInpBreakoutMaxRange=3000.0\nInpBreakoutMaxTrades=1\nInpBreakoutRegimeFilter=true\nInpBreakoutDirectionFilter=true\nInpBreakoutTrendEmaPeriod=50\nInpBreakoutAdxPeriod=14\nInpBreakoutAdxMin=18.0\nInpBreakoutAdxMax=35.0\nInpBreakoutRangeAtrMin=0.12\nInpBreakoutRangeAtrMax=0.55\nInpBreakoutPriorDayAtrMax=1.8\nInpBreakoutRunnerEnabled=true\nInpBreakoutRunnerCoreRiskShare=0.50\nInpBreakoutRunnerCoreRR=1.5\nInpBreakoutRunnerRR=0.0\nInpBreakoutRunnerBETriggerR=1.0\nInpBreakoutRunnerTrailStartR=1.5\nInpBreakoutRunnerTrailAtrMult=3.0\nInpBreakoutRunnerMaxHoldHours=24\nInpDdStopAtPct=30.0\nInpMrMaxTrades=4\nInpMrSlAtr=1.5\nInpMrAdxMax=25.0\nInpMrBbMinWidth=0.3\nInpMaxConsecLoss=2\nInpEnableDdScaling=true\nInpMrRegimeFilter=true\nInpMrTrailBE=true\nInpMrTrailBETrigger=1.0\nInpNyOverlapStartHour=12\nInpNyOverlapEndHour=16\nInpMomMaxTrades=1
dynamic-breakout-regime-strict-ny-runner-aggressive-100,Strict NY breakout runner aggressive risk 1.00,InpEnableAsianBreakout=true\nInpEnableNyBreakout=true\nInpNyBreakoutRangeStartHour=7\nInpNyBreakoutRangeEndHour=12\nInpNyBreakoutStartHour=13\nInpNyBreakoutEndHour=18\nInpNyBreakoutBuffer=0.5\nInpNyBreakoutMinRange=200.0\nInpNyBreakoutMaxRange=5000.0\nInpNyBreakoutRR=1.5\nInpNyBreakoutMaxTrades=1\nInpEnableMeanReversion=true\nInpEnableMomentum=true\nInpDynamicAllocation=true\nInpGatekeeperAdxPeriod=14\nInpGatekeeperAdxLevel=25.0\nInpRiskPerTradePct=1.00\nInpMaxDailyLossPct=5.0\nInpMaxDailyTrades=12\nInpMaxOpenTrades=4\nInpBreakoutMinRange=200.0\nInpBreakoutMaxRange=3000.0\nInpBreakoutMaxTrades=1\nInpBreakoutRegimeFilter=true\nInpBreakoutDirectionFilter=true\nInpBreakoutTrendEmaPeriod=50\nInpBreakoutAdxPeriod=14\nInpBreakoutAdxMin=18.0\nInpBreakoutAdxMax=35.0\nInpBreakoutRangeAtrMin=0.12\nInpBreakoutRangeAtrMax=0.55\nInpBreakoutPriorDayAtrMax=1.8\nInpBreakoutRunnerEnabled=true\nInpBreakoutRunnerCoreRiskShare=0.40\nInpBreakoutRunnerCoreRR=1.5\nInpBreakoutRunnerRR=0.0\nInpBreakoutRunnerBETriggerR=1.0\nInpBreakoutRunnerTrailStartR=1.5\nInpBreakoutRunnerTrailAtrMult=2.0\nInpBreakoutRunnerMaxHoldHours=12\nInpDdStopAtPct=30.0\nInpMrMaxTrades=4\nInpMrSlAtr=1.5\nInpMrAdxMax=25.0\nInpMrBbMinWidth=0.3\nInpMaxConsecLoss=2\nInpEnableDdScaling=true\nInpMrRegimeFilter=true\nInpMrTrailBE=true\nInpMrTrailBETrigger=1.0\nInpNyOverlapStartHour=12\nInpNyOverlapEndHour=16\nInpMomMaxTrades=1
dynamic-breakout-strict-ny-100-wide,Strict NY breakout 100 trade controlled wider regime filters,InpEnableAsianBreakout=true\nInpEnableNyBreakout=true\nInpNyBreakoutRangeStartHour=7\nInpNyBreakoutRangeEndHour=12\nInpNyBreakoutStartHour=13\nInpNyBreakoutEndHour=18\nInpNyBreakoutBuffer=0.5\nInpNyBreakoutMinRange=200.0\nInpNyBreakoutMaxRange=5000.0\nInpNyBreakoutRR=1.5\nInpNyBreakoutMaxTrades=1\nInpEnableMeanReversion=true\nInpEnableMomentum=true\nInpDynamicAllocation=true\nInpGatekeeperAdxPeriod=14\nInpGatekeeperAdxLevel=25.0\nInpRiskPerTradePct=0.25\nInpMaxDailyLossPct=2.0\nInpMaxDailyTrades=12\nInpMaxOpenTrades=3\nInpBreakoutMinRange=200.0\nInpBreakoutMaxRange=3000.0\nInpBreakoutMaxTrades=1\nInpBreakoutRegimeFilter=true\nInpBreakoutDirectionFilter=true\nInpBreakoutTrendEmaPeriod=50\nInpBreakoutAdxPeriod=14\nInpBreakoutAdxMin=16.0\nInpBreakoutAdxMax=40.0\nInpBreakoutRangeAtrMin=0.10\nInpBreakoutRangeAtrMax=0.65\nInpBreakoutPriorDayAtrMax=2.1\nInpMrMaxTrades=4\nInpMrSlAtr=1.5\nInpMrAdxMax=25.0\nInpMrBbMinWidth=0.3\nInpMaxConsecLoss=2\nInpEnableDdScaling=true\nInpMrRegimeFilter=true\nInpMrTrailBE=true\nInpMrTrailBETrigger=1.0\nInpNyOverlapStartHour=12\nInpNyOverlapEndHour=16\nInpMomMaxTrades=1
dynamic-breakout-strict-ny-100-both,Strict NY breakout 100 trade both breakout directions allowed,InpEnableAsianBreakout=true\nInpEnableNyBreakout=true\nInpNyBreakoutRangeStartHour=7\nInpNyBreakoutRangeEndHour=12\nInpNyBreakoutStartHour=13\nInpNyBreakoutEndHour=18\nInpNyBreakoutBuffer=0.5\nInpNyBreakoutMinRange=200.0\nInpNyBreakoutMaxRange=5000.0\nInpNyBreakoutRR=1.5\nInpNyBreakoutMaxTrades=1\nInpEnableMeanReversion=true\nInpEnableMomentum=true\nInpDynamicAllocation=true\nInpGatekeeperAdxPeriod=14\nInpGatekeeperAdxLevel=25.0\nInpRiskPerTradePct=0.25\nInpMaxDailyLossPct=2.0\nInpMaxDailyTrades=12\nInpMaxOpenTrades=3\nInpBreakoutMinRange=200.0\nInpBreakoutMaxRange=3000.0\nInpBreakoutMaxTrades=1\nInpBreakoutRegimeFilter=true\nInpBreakoutDirectionFilter=false\nInpBreakoutTrendEmaPeriod=50\nInpBreakoutAdxPeriod=14\nInpBreakoutAdxMin=18.0\nInpBreakoutAdxMax=35.0\nInpBreakoutRangeAtrMin=0.12\nInpBreakoutRangeAtrMax=0.55\nInpBreakoutPriorDayAtrMax=1.8\nInpMrMaxTrades=4\nInpMrSlAtr=1.5\nInpMrAdxMax=25.0\nInpMrBbMinWidth=0.3\nInpMaxConsecLoss=2\nInpEnableDdScaling=true\nInpMrRegimeFilter=true\nInpMrTrailBE=true\nInpMrTrailBETrigger=1.0\nInpNyOverlapStartHour=12\nInpNyOverlapEndHour=16\nInpMomMaxTrades=1
dynamic-breakout-strict-ny-100-fill,Strict NY breakout 100 trade tighter buffers and longer fill window,InpEnableAsianBreakout=true\nInpEnableNyBreakout=true\nInpNyBreakoutRangeStartHour=7\nInpNyBreakoutRangeEndHour=12\nInpNyBreakoutStartHour=13\nInpNyBreakoutEndHour=18\nInpNyBreakoutBuffer=0.5\nInpNyBreakoutMinRange=200.0\nInpNyBreakoutMaxRange=5000.0\nInpNyBreakoutRR=1.5\nInpNyBreakoutMaxTrades=1\nInpEnableMeanReversion=true\nInpEnableMomentum=true\nInpDynamicAllocation=true\nInpGatekeeperAdxPeriod=14\nInpGatekeeperAdxLevel=25.0\nInpRiskPerTradePct=0.25\nInpMaxDailyLossPct=2.0\nInpMaxDailyTrades=12\nInpMaxOpenTrades=3\nInpBreakoutMinRange=200.0\nInpBreakoutMaxRange=3000.0\nInpBreakoutMaxTrades=1\nInpBreakoutRegimeFilter=true\nInpBreakoutDirectionFilter=true\nInpBreakoutTrendEmaPeriod=50\nInpBreakoutAdxPeriod=14\nInpBreakoutAdxMin=18.0\nInpBreakoutAdxMax=35.0\nInpBreakoutRangeAtrMin=0.12\nInpBreakoutRangeAtrMax=0.55\nInpBreakoutPriorDayAtrMax=1.8\nInpMrMaxTrades=4\nInpMrSlAtr=1.5\nInpMrAdxMax=25.0\nInpMrBbMinWidth=0.3\nInpMaxConsecLoss=2\nInpEnableDdScaling=true\nInpMrRegimeFilter=true\nInpMrTrailBE=true\nInpMrTrailBETrigger=1.0\nInpNyOverlapStartHour=12\nInpNyOverlapEndHour=16\nInpMomMaxTrades=1\nInpLondonEndHour=15\nInpBreakoutBuffer=0.5
dynamic-breakout-strict-ny-100-combo,Strict NY breakout 100 trade combo wide both direction and fill improvements,InpEnableAsianBreakout=true\nInpEnableNyBreakout=true\nInpNyBreakoutRangeStartHour=7\nInpNyBreakoutRangeEndHour=12\nInpNyBreakoutStartHour=13\nInpNyBreakoutEndHour=18\nInpNyBreakoutBuffer=0.5\nInpNyBreakoutMinRange=200.0\nInpNyBreakoutMaxRange=5000.0\nInpNyBreakoutRR=1.5\nInpNyBreakoutMaxTrades=1\nInpEnableMeanReversion=true\nInpEnableMomentum=true\nInpDynamicAllocation=true\nInpGatekeeperAdxPeriod=14\nInpGatekeeperAdxLevel=25.0\nInpRiskPerTradePct=0.25\nInpMaxDailyLossPct=2.0\nInpMaxDailyTrades=12\nInpMaxOpenTrades=3\nInpBreakoutMinRange=200.0\nInpBreakoutMaxRange=3000.0\nInpBreakoutMaxTrades=1\nInpBreakoutRegimeFilter=true\nInpBreakoutDirectionFilter=false\nInpBreakoutTrendEmaPeriod=50\nInpBreakoutAdxPeriod=14\nInpBreakoutAdxMin=16.0\nInpBreakoutAdxMax=40.0\nInpBreakoutRangeAtrMin=0.10\nInpBreakoutRangeAtrMax=0.65\nInpBreakoutPriorDayAtrMax=2.1\nInpMrMaxTrades=4\nInpMrSlAtr=1.5\nInpMrAdxMax=25.0\nInpMrBbMinWidth=0.3\nInpMaxConsecLoss=2\nInpEnableDdScaling=true\nInpMrRegimeFilter=true\nInpMrTrailBE=true\nInpMrTrailBETrigger=1.0\nInpNyOverlapStartHour=12\nInpNyOverlapEndHour=16\nInpMomMaxTrades=1\nInpLondonEndHour=15\nInpBreakoutBuffer=0.5
dynamic-breakout-strict-ny-100-runner-v2,Strict NY breakout 100 trade combo with Runner V2 profit lock protection,InpEnableAsianBreakout=true\nInpEnableNyBreakout=true\nInpNyBreakoutRangeStartHour=7\nInpNyBreakoutRangeEndHour=12\nInpNyBreakoutStartHour=13\nInpNyBreakoutEndHour=18\nInpNyBreakoutBuffer=0.5\nInpNyBreakoutMinRange=200.0\nInpNyBreakoutMaxRange=5000.0\nInpNyBreakoutRR=1.5\nInpNyBreakoutMaxTrades=1\nInpEnableMeanReversion=true\nInpEnableMomentum=true\nInpDynamicAllocation=true\nInpGatekeeperAdxPeriod=14\nInpGatekeeperAdxLevel=25.0\nInpRiskPerTradePct=0.25\nInpMaxDailyLossPct=2.0\nInpMaxDailyTrades=12\nInpMaxOpenTrades=4\nInpBreakoutMinRange=200.0\nInpBreakoutMaxRange=3000.0\nInpBreakoutMaxTrades=1\nInpBreakoutRegimeFilter=true\nInpBreakoutDirectionFilter=false\nInpBreakoutTrendEmaPeriod=50\nInpBreakoutAdxPeriod=14\nInpBreakoutAdxMin=16.0\nInpBreakoutAdxMax=40.0\nInpBreakoutRangeAtrMin=0.10\nInpBreakoutRangeAtrMax=0.65\nInpBreakoutPriorDayAtrMax=2.1\nInpMrMaxTrades=4\nInpMrSlAtr=1.5\nInpMrAdxMax=25.0\nInpMrBbMinWidth=0.3\nInpMaxConsecLoss=2\nInpEnableDdScaling=true\nInpMrRegimeFilter=true\nInpMrTrailBE=true\nInpMrTrailBETrigger=1.0\nInpNyOverlapStartHour=12\nInpNyOverlapEndHour=16\nInpMomMaxTrades=1\nInpLondonEndHour=15\nInpBreakoutBuffer=0.5\nInpBreakoutRunnerEnabled=true\nInpBreakoutRunnerCoreRiskShare=0.80\nInpBreakoutRunnerCoreRR=1.5\nInpBreakoutRunnerRR=4.0\nInpBreakoutRunnerBETriggerR=0.75\nInpBreakoutRunnerTrailStartR=1.5\nInpBreakoutRunnerTrailAtrMult=2.0\nInpBreakoutRunnerMaxHoldHours=12\nInpBreakoutRunnerProfitLock=true\nInpBreakoutRunnerMfeTrailStartR=1.5\nInpBreakoutRunnerMfeLockPct=0.65\nInpBreakoutRunnerMinLockedR=0.50\nInpDdStopAtPct=25.0\nInpDdClosePositionsOnStop=true\nInpDdCloseRunnerOnly=true
