journal,group,value,closed_deals,net_profit,gross_profit,gross_loss,profit_factor,win_rate_pct
GoldBot-fundingpips-p1-h1-2026-negative-window-control::stitched,confluence_count,3,1,-501.93,0.00,-501.93,0.00,0.00
GoldBot-fundingpips-p1-h1-2026-negative-window-control::stitched,confluence_count,6,25,667.43,2014.17,-1346.74,1.50,72.00
GoldBot-fundingpips-p1-h1-2026-negative-window-control::stitched,confluence_count,7,19,437.74,1775.52,-1337.78,1.33,68.42
GoldBot-fundingpips-p1-h1-2026-negative-window-control::stitched,direction,-1,44,1105.17,3789.69,-2684.52,1.41,70.45
GoldBot-fundingpips-p1-h1-2026-negative-window-control::stitched,direction,1,1,-501.93,0.00,-501.93,0.00,0.00
GoldBot-fundingpips-p1-h1-2026-negative-window-control::stitched,direction_hour,dir-1_hour10,22,428.85,1785.91,-1357.06,1.32,68.18
GoldBot-fundingpips-p1-h1-2026-negative-window-control::stitched,direction_hour,dir-1_hour8,22,676.32,2003.78,-1327.46,1.51,72.73
GoldBot-fundingpips-p1-h1-2026-negative-window-control::stitched,direction_hour,dir1_hour12,1,-501.93,0.00,-501.93,0.00,0.00
GoldBot-fundingpips-p1-h1-2026-negative-window-control::stitched,direction_hour_split,dir-1_hour10_split1,22,428.85,1785.91,-1357.06,1.32,68.18
GoldBot-fundingpips-p1-h1-2026-negative-window-control::stitched,direction_hour_split,dir-1_hour8_split1,22,676.32,2003.78,-1327.46,1.51,72.73
GoldBot-fundingpips-p1-h1-2026-negative-window-control::stitched,direction_hour_split,dir1_hour12_split1,1,-501.93,0.00,-501.93,0.00,0.00
GoldBot-fundingpips-p1-h1-2026-negative-window-control::stitched,direction_split,dir-1_split1,44,1105.17,3789.69,-2684.52,1.41,70.45
GoldBot-fundingpips-p1-h1-2026-negative-window-control::stitched,direction_split,dir1_split1,1,-501.93,0.00,-501.93,0.00,0.00
GoldBot-fundingpips-p1-h1-2026-negative-window-control::stitched,exit_reason,3,28,3515.52,3515.52,0.00,3515.52,100.00
GoldBot-fundingpips-p1-h1-2026-negative-window-control::stitched,exit_reason,4,17,-2912.28,274.17,-3186.45,0.09,17.65
GoldBot-fundingpips-p1-h1-2026-negative-window-control::stitched,hour_split,hour10_split1,22,428.85,1785.91,-1357.06,1.32,68.18
GoldBot-fundingpips-p1-h1-2026-negative-window-control::stitched,hour_split,hour12_split1,1,-501.93,0.00,-501.93,0.00,0.00
GoldBot-fundingpips-p1-h1-2026-negative-window-control::stitched,hour_split,hour8_split1,22,676.32,2003.78,-1327.46,1.51,72.73
GoldBot-fundingpips-p1-h1-2026-negative-window-control::stitched,scalp_variant,0,1,-501.93,0.00,-501.93,0.00,0.00
GoldBot-fundingpips-p1-h1-2026-negative-window-control::stitched,scalp_variant,1,44,1105.17,3789.69,-2684.52,1.41,70.45
GoldBot-fundingpips-p1-h1-2026-negative-window-control::stitched,scalp_variant_direction_hour,variant0_dir1_hour12,1,-501.93,0.00,-501.93,0.00,0.00
GoldBot-fundingpips-p1-h1-2026-negative-window-control::stitched,scalp_variant_direction_hour,variant1_dir-1_hour10,22,428.85,1785.91,-1357.06,1.32,68.18
GoldBot-fundingpips-p1-h1-2026-negative-window-control::stitched,scalp_variant_direction_hour,variant1_dir-1_hour8,22,676.32,2003.78,-1327.46,1.51,72.73
GoldBot-fundingpips-p1-h1-2026-negative-window-control::stitched,score_bucket,60,45,603.24,3789.69,-3186.45,1.19,68.89
GoldBot-fundingpips-p1-h1-2026-negative-window-control::stitched,session_hour,10,22,428.85,1785.91,-1357.06,1.32,68.18
GoldBot-fundingpips-p1-h1-2026-negative-window-control::stitched,session_hour,12,1,-501.93,0.00,-501.93,0.00,0.00
GoldBot-fundingpips-p1-h1-2026-negative-window-control::stitched,session_hour,8,22,676.32,2003.78,-1327.46,1.51,72.73
GoldBot-fundingpips-p1-h1-2026-negative-window-control::stitched,setup,m1_micro_scalp,19,437.74,1775.52,-1337.78,1.33,68.42
GoldBot-fundingpips-p1-h1-2026-negative-window-control::stitched,setup,m5_scalp,25,667.43,2014.17,-1346.74,1.50,72.00
GoldBot-fundingpips-p1-h1-2026-negative-window-control::stitched,setup,smc,1,-501.93,0.00,-501.93,0.00,0.00
GoldBot-fundingpips-p1-h1-2026-negative-window-control::stitched,setup_direction,setupm1_micro_scalp_dir-1,19,437.74,1775.52,-1337.78,1.33,68.42
GoldBot-fundingpips-p1-h1-2026-negative-window-control::stitched,setup_direction,setupm5_scalp_dir-1,25,667.43,2014.17,-1346.74,1.50,72.00
GoldBot-fundingpips-p1-h1-2026-negative-window-control::stitched,setup_direction,setupsmc_dir1,1,-501.93,0.00,-501.93,0.00,0.00
GoldBot-fundingpips-p1-h1-2026-negative-window-control::stitched,setup_direction_hour,setupm1_micro_scalp_dir-1_hour10,11,-363.86,739.02,-1102.88,0.67,54.55
GoldBot-fundingpips-p1-h1-2026-negative-window-control::stitched,setup_direction_hour,setupm1_micro_scalp_dir-1_hour8,8,801.60,1036.50,-234.90,4.41,87.50
GoldBot-fundingpips-p1-h1-2026-negative-window-control::stitched,setup_direction_hour,setupm5_scalp_dir-1_hour10,11,792.71,1046.89,-254.18,4.12,81.82
GoldBot-fundingpips-p1-h1-2026-negative-window-control::stitched,setup_direction_hour,setupm5_scalp_dir-1_hour8,14,-125.28,967.28,-1092.56,0.89,64.29
GoldBot-fundingpips-p1-h1-2026-negative-window-control::stitched,setup_direction_hour,setupsmc_dir1_hour12,1,-501.93,0.00,-501.93,0.00,0.00
GoldBot-fundingpips-p1-h1-2026-negative-window-control::stitched,setup_direction_hour_exit_reason,setupm1_micro_scalp_dir-1_hour10_reason3,6,739.02,739.02,0.00,739.02,100.00
GoldBot-fundingpips-p1-h1-2026-negative-window-control::stitched,setup_direction_hour_exit_reason,setupm1_micro_scalp_dir-1_hour10_reason4,5,-1102.88,0.00,-1102.88,0.00,0.00
GoldBot-fundingpips-p1-h1-2026-negative-window-control::stitched,setup_direction_hour_exit_reason,setupm1_micro_scalp_dir-1_hour8_reason3,5,827.76,827.76,0.00,827.76,100.00
GoldBot-fundingpips-p1-h1-2026-negative-window-control::stitched,setup_direction_hour_exit_reason,setupm1_micro_scalp_dir-1_hour8_reason4,3,-26.16,208.74,-234.90,0.89,66.67
GoldBot-fundingpips-p1-h1-2026-negative-window-control::stitched,setup_direction_hour_exit_reason,setupm5_scalp_dir-1_hour10_reason3,8,981.46,981.46,0.00,981.46,100.00
GoldBot-fundingpips-p1-h1-2026-negative-window-control::stitched,setup_direction_hour_exit_reason,setupm5_scalp_dir-1_hour10_reason4,3,-188.75,65.43,-254.18,0.26,33.33
GoldBot-fundingpips-p1-h1-2026-negative-window-control::stitched,setup_direction_hour_exit_reason,setupm5_scalp_dir-1_hour8_reason3,9,967.28,967.28,0.00,967.28,100.00
GoldBot-fundingpips-p1-h1-2026-negative-window-control::stitched,setup_direction_hour_exit_reason,setupm5_scalp_dir-1_hour8_reason4,5,-1092.56,0.00,-1092.56,0.00,0.00
GoldBot-fundingpips-p1-h1-2026-negative-window-control::stitched,setup_direction_hour_exit_reason,setupsmc_dir1_hour12_reason4,1,-501.93,0.00,-501.93,0.00,0.00
GoldBot-fundingpips-p1-h1-2026-negative-window-control::stitched,setup_direction_hour_split,setupm1_micro_scalp_dir-1_hour10_split1,11,-363.86,739.02,-1102.88,0.67,54.55
GoldBot-fundingpips-p1-h1-2026-negative-window-control::stitched,setup_direction_hour_split,setupm1_micro_scalp_dir-1_hour8_split1,8,801.60,1036.50,-234.90,4.41,87.50
GoldBot-fundingpips-p1-h1-2026-negative-window-control::stitched,setup_direction_hour_split,setupm5_scalp_dir-1_hour10_split1,11,792.71,1046.89,-254.18,4.12,81.82
GoldBot-fundingpips-p1-h1-2026-negative-window-control::stitched,setup_direction_hour_split,setupm5_scalp_dir-1_hour8_split1,14,-125.28,967.28,-1092.56,0.89,64.29
GoldBot-fundingpips-p1-h1-2026-negative-window-control::stitched,setup_direction_hour_split,setupsmc_dir1_hour12_split1,1,-501.93,0.00,-501.93,0.00,0.00
GoldBot-fundingpips-p1-h1-2026-negative-window-control::stitched,setup_exit_reason,setupm1_micro_scalp_reason3,11,1566.78,1566.78,0.00,1566.78,100.00
GoldBot-fundingpips-p1-h1-2026-negative-window-control::stitched,setup_exit_reason,setupm1_micro_scalp_reason4,8,-1129.04,208.74,-1337.78,0.16,25.00
GoldBot-fundingpips-p1-h1-2026-negative-window-control::stitched,setup_exit_reason,setupm5_scalp_reason3,17,1948.74,1948.74,0.00,1948.74,100.00
GoldBot-fundingpips-p1-h1-2026-negative-window-control::stitched,setup_exit_reason,setupm5_scalp_reason4,8,-1281.31,65.43,-1346.74,0.05,12.50
GoldBot-fundingpips-p1-h1-2026-negative-window-control::stitched,setup_exit_reason,setupsmc_reason4,1,-501.93,0.00,-501.93,0.00,0.00
GoldBot-fundingpips-p1-h1-2026-negative-window-control::stitched,setup_scalp_variant,setupm1_micro_scalp_variant1,19,437.74,1775.52,-1337.78,1.33,68.42
GoldBot-fundingpips-p1-h1-2026-negative-window-control::stitched,setup_scalp_variant,setupm5_scalp_variant1,25,667.43,2014.17,-1346.74,1.50,72.00
GoldBot-fundingpips-p1-h1-2026-negative-window-control::stitched,setup_scalp_variant,setupsmc_variant0,1,-501.93,0.00,-501.93,0.00,0.00
GoldBot-fundingpips-p1-h1-2026-negative-window-control::stitched,split,1,45,603.24,3789.69,-3186.45,1.19,68.89
