source_window,horizon_days,start_date,end_date,closed_trades,net_profit,return_pct,target_hit,days_to_target,closed_balance_dd_pct
h1-2024,30,2024-01-08,2024-02-06,6,839.59,1.67918,no,,0.0
h1-2024,30,2024-01-09,2024-02-07,3,441.87,0.88374,no,,0.0
h1-2024,30,2024-01-10,2024-02-08,3,441.87,0.88374,no,,0.0
h1-2024,30,2024-01-11,2024-02-09,3,441.87,0.88374,no,,0.0
h1-2024,30,2024-01-12,2024-02-10,3,441.87,0.88374,no,,0.0
h1-2024,30,2024-01-13,2024-02-11,3,441.87,0.88374,no,,0.0
h1-2024,30,2024-01-14,2024-02-12,3,441.87,0.88374,no,,0.0
h1-2024,30,2024-01-15,2024-02-13,3,441.87,0.88374,no,,0.0
h1-2024,30,2024-01-16,2024-02-14,3,441.87,0.88374,no,,0.0
h1-2024,30,2024-01-17,2024-02-15,3,441.87,0.88374,no,,0.0
h1-2024,30,2024-01-18,2024-02-16,3,441.87,0.88374,no,,0.0
h1-2024,30,2024-01-19,2024-02-17,3,441.87,0.88374,no,,0.0
h1-2024,30,2024-01-20,2024-02-18,3,441.87,0.88374,no,,0.0
h1-2024,30,2024-01-21,2024-02-19,3,441.87,0.88374,no,,0.0
h1-2024,30,2024-01-22,2024-02-20,3,441.87,0.88374,no,,0.0
h1-2024,30,2024-01-23,2024-02-21,3,441.87,0.88374,no,,0.0
h1-2024,30,2024-01-24,2024-02-22,3,441.87,0.88374,no,,0.0
h1-2024,30,2024-01-25,2024-02-23,3,441.87,0.88374,no,,0.0
h1-2024,30,2024-01-26,2024-02-24,3,441.87,0.88374,no,,0.0
h1-2024,30,2024-01-27,2024-02-25,3,441.87,0.88374,no,,0.0
h1-2024,30,2024-01-28,2024-02-26,3,441.87,0.88374,no,,0.0
h1-2024,30,2024-01-29,2024-02-27,3,441.87,0.88374,no,,0.0
h1-2024,30,2024-01-30,2024-02-28,3,441.87,0.88374,no,,0.0
h1-2024,30,2024-01-31,2024-02-29,3,441.87,0.88374,no,,0.0
h1-2024,30,2024-02-01,2024-03-01,3,441.87,0.88374,no,,0.0
h1-2024,30,2024-02-02,2024-03-02,3,441.87,0.88374,no,,0.0
h1-2024,30,2024-02-03,2024-03-03,3,441.87,0.88374,no,,0.0
h1-2024,30,2024-02-04,2024-03-04,3,441.87,0.88374,no,,0.0
h1-2024,30,2024-02-05,2024-03-05,3,441.87,0.88374,no,,0.0
h1-2024,30,2024-02-06,2024-03-06,0,0,0.0,no,,0.0
h1-2024,30,2024-02-07,2024-03-07,0,0,0.0,no,,0.0
h1-2024,30,2024-02-08,2024-03-08,0,0,0.0,no,,0.0
h1-2024,30,2024-02-09,2024-03-09,0,0,0.0,no,,0.0
h1-2024,30,2024-02-10,2024-03-10,0,0,0.0,no,,0.0
h1-2024,30,2024-02-11,2024-03-11,0,0,0.0,no,,0.0
h1-2024,30,2024-02-12,2024-03-12,0,0,0.0,no,,0.0
h1-2024,30,2024-02-13,2024-03-13,0,0,0.0,no,,0.0
h1-2024,30,2024-02-14,2024-03-14,0,0,0.0,no,,0.0
h1-2024,30,2024-02-15,2024-03-15,0,0,0.0,no,,0.0
h1-2024,30,2024-02-16,2024-03-16,0,0,0.0,no,,0.0
h1-2024,30,2024-02-17,2024-03-17,0,0,0.0,no,,0.0
h1-2024,30,2024-02-18,2024-03-18,0,0,0.0,no,,0.0
h1-2024,30,2024-02-19,2024-03-19,0,0,0.0,no,,0.0
h1-2024,30,2024-02-20,2024-03-20,0,0,0.0,no,,0.0
h1-2024,30,2024-02-21,2024-03-21,0,0,0.0,no,,0.0
h1-2024,30,2024-02-22,2024-03-22,0,0,0.0,no,,0.0
h1-2024,30,2024-02-23,2024-03-23,0,0,0.0,no,,0.0
h1-2024,30,2024-02-24,2024-03-24,0,0,0.0,no,,0.0
h1-2024,30,2024-02-25,2024-03-25,2,-411.93,-0.82386,no,,0.82386
h1-2024,30,2024-02-26,2024-03-26,2,-411.93,-0.82386,no,,0.82386
h1-2024,30,2024-02-27,2024-03-27,2,-411.93,-0.82386,no,,0.82386
h1-2024,30,2024-02-28,2024-03-28,2,-411.93,-0.82386,no,,0.82386
h1-2024,30,2024-02-29,2024-03-29,2,-411.93,-0.82386,no,,0.82386
h1-2024,30,2024-03-01,2024-03-30,2,-411.93,-0.82386,no,,0.82386
h1-2024,30,2024-03-02,2024-03-31,2,-411.93,-0.82386,no,,0.82386
h1-2024,30,2024-03-03,2024-04-01,2,-411.93,-0.82386,no,,0.82386
h1-2024,30,2024-03-04,2024-04-02,10,1526.25,3.0525,no,,0.82386
h1-2024,30,2024-03-05,2024-04-03,13,2472.8,4.9456,no,,0.82386
h1-2024,30,2024-03-06,2024-04-04,13,2472.8,4.9456,no,,0.82386
h1-2024,30,2024-03-07,2024-04-05,14,2206.87,4.41374,no,,0.82386
h1-2024,30,2024-03-08,2024-04-06,14,2206.87,4.41374,no,,0.82386
h1-2024,30,2024-03-09,2024-04-07,14,2206.87,4.41374,no,,0.82386
h1-2024,30,2024-03-10,2024-04-08,14,2206.87,4.41374,no,,0.82386
h1-2024,30,2024-03-11,2024-04-09,14,2206.87,4.41374,no,,0.82386
h1-2024,30,2024-03-12,2024-04-10,14,2206.87,4.41374,no,,0.82386
h1-2024,30,2024-03-13,2024-04-11,15,1935.55,3.8711,no,,1.023864
h1-2024,30,2024-03-14,2024-04-12,15,1935.55,3.8711,no,,1.023864
h1-2024,30,2024-03-15,2024-04-13,15,1935.55,3.8711,no,,1.023864
h1-2024,30,2024-03-16,2024-04-14,15,1935.55,3.8711,no,,1.023864
h1-2024,30,2024-03-17,2024-04-15,15,1935.55,3.8711,no,,1.023864
h1-2024,30,2024-03-18,2024-04-16,15,1935.55,3.8711,no,,1.023864
h1-2024,30,2024-03-19,2024-04-17,15,1935.55,3.8711,no,,1.023864
h1-2024,30,2024-03-20,2024-04-18,15,1935.55,3.8711,no,,1.023864
h1-2024,30,2024-03-21,2024-04-19,15,1935.55,3.8711,no,,1.023864
h1-2024,30,2024-03-22,2024-04-20,15,1935.55,3.8711,no,,1.023864
h1-2024,30,2024-03-23,2024-04-21,15,1935.55,3.8711,no,,1.023864
h1-2024,30,2024-03-24,2024-04-22,18,2351.06,4.70212,no,,1.023864
h1-2024,30,2024-03-25,2024-04-23,18,2351.06,4.70212,no,,1.023864
h1-2024,30,2024-03-26,2024-04-24,16,2762.99,5.52598,no,,1.015889
h1-2024,30,2024-03-27,2024-04-25,16,2762.99,5.52598,no,,1.015889
h1-2024,30,2024-03-28,2024-04-26,16,2762.99,5.52598,no,,1.015889
h1-2024,30,2024-03-29,2024-04-27,16,2762.99,5.52598,no,,1.015889
h1-2024,30,2024-03-30,2024-04-28,16,2762.99,5.52598,no,,1.015889
h1-2024,30,2024-03-31,2024-04-29,16,2762.99,5.52598,no,,1.015889
h1-2024,30,2024-04-01,2024-04-30,19,3211.59,6.42318,no,,1.015889
h1-2024,30,2024-04-02,2024-05-01,19,3211.59,6.42318,no,,1.015889
h1-2024,30,2024-04-03,2024-05-02,11,1273.41,2.54682,no,,1.054537
h1-2024,30,2024-04-04,2024-05-03,8,326.86,0.65372,no,,1.0745
h1-2024,30,2024-04-05,2024-05-04,8,326.86,0.65372,no,,1.0745
h1-2024,30,2024-04-06,2024-05-05,7,592.79,1.18558,no,,0.54264
h1-2024,30,2024-04-07,2024-05-06,7,592.79,1.18558,no,,0.54264
h1-2024,30,2024-04-08,2024-05-07,7,592.79,1.18558,no,,0.54264
h1-2024,30,2024-04-09,2024-05-08,7,592.79,1.18558,no,,0.54264
h1-2024,30,2024-04-10,2024-05-09,7,592.79,1.18558,no,,0.54264
h1-2024,30,2024-04-11,2024-05-10,7,592.79,1.18558,no,,0.54264
h1-2024,30,2024-04-12,2024-05-11,6,864.11,1.72822,no,,0.0
h1-2024,30,2024-04-13,2024-05-12,6,864.11,1.72822,no,,0.0
h1-2024,30,2024-04-14,2024-05-13,6,864.11,1.72822,no,,0.0
h1-2024,30,2024-04-15,2024-05-14,6,864.11,1.72822,no,,0.0
h1-2024,30,2024-04-16,2024-05-15,6,864.11,1.72822,no,,0.0
h1-2024,30,2024-04-17,2024-05-16,6,864.11,1.72822,no,,0.0
h1-2024,30,2024-04-18,2024-05-17,6,864.11,1.72822,no,,0.0
h1-2024,30,2024-04-19,2024-05-18,6,864.11,1.72822,no,,0.0
h1-2024,30,2024-04-20,2024-05-19,6,864.11,1.72822,no,,0.0
h1-2024,30,2024-04-21,2024-05-20,6,864.11,1.72822,no,,0.0
h1-2024,30,2024-04-22,2024-05-21,6,864.11,1.72822,no,,0.0
h1-2024,30,2024-04-23,2024-05-22,3,448.6,0.8972,no,,0.0
h1-2024,30,2024-04-24,2024-05-23,5,613.4,1.2268,no,,0.0
h1-2024,30,2024-04-25,2024-05-24,5,613.4,1.2268,no,,0.0
h1-2024,30,2024-04-26,2024-05-25,5,613.4,1.2268,no,,0.0
h1-2024,30,2024-04-27,2024-05-26,5,613.4,1.2268,no,,0.0
h1-2024,30,2024-04-28,2024-05-27,5,613.4,1.2268,no,,0.0
h1-2024,30,2024-04-29,2024-05-28,5,613.4,1.2268,no,,0.0
h1-2024,30,2024-04-30,2024-05-29,5,613.4,1.2268,no,,0.0
h1-2024,30,2024-05-01,2024-05-30,3,29.8,0.0596,no,,0.269113
h1-2024,30,2024-05-02,2024-05-31,3,29.8,0.0596,no,,0.269113
h1-2024,30,2024-05-03,2024-06-01,3,29.8,0.0596,no,,0.269113
h1-2024,30,2024-05-04,2024-06-02,3,29.8,0.0596,no,,0.269113
h1-2024,30,2024-05-05,2024-06-03,4,-101.72,-0.20344,no,,0.531289
h1-2024,30,2024-05-06,2024-06-04,4,-101.72,-0.20344,no,,0.531289
h1-2024,30,2024-05-07,2024-06-05,4,-101.72,-0.20344,no,,0.531289
h1-2024,30,2024-05-08,2024-06-06,4,-101.72,-0.20344,no,,0.531289
h1-2024,30,2024-05-09,2024-06-07,4,-101.72,-0.20344,no,,0.531289
h1-2024,30,2024-05-10,2024-06-08,4,-101.72,-0.20344,no,,0.531289
h1-2024,30,2024-05-11,2024-06-09,4,-101.72,-0.20344,no,,0.531289
h1-2024,30,2024-05-12,2024-06-10,12,89.54,0.17908,no,,0.531289
h1-2024,30,2024-05-13,2024-06-11,13,-22.69,-0.04538,no,,0.531289
h1-2024,30,2024-05-14,2024-06-12,13,-22.69,-0.04538,no,,0.531289
h1-2024,30,2024-05-15,2024-06-13,13,-22.69,-0.04538,no,,0.531289
h1-2024,30,2024-05-16,2024-06-14,13,-22.69,-0.04538,no,,0.531289
h1-2024,30,2024-05-17,2024-06-15,13,-22.69,-0.04538,no,,0.531289
h1-2024,30,2024-05-18,2024-06-16,13,-22.69,-0.04538,no,,0.531289
h1-2024,30,2024-05-19,2024-06-17,13,-22.69,-0.04538,no,,0.531289
h1-2024,30,2024-05-20,2024-06-18,13,-22.69,-0.04538,no,,0.531289
h1-2024,30,2024-05-21,2024-06-19,13,-22.69,-0.04538,no,,0.531289
h1-2024,30,2024-05-22,2024-06-20,13,-22.69,-0.04538,no,,0.531289
h1-2024,30,2024-05-23,2024-06-21,13,-22.69,-0.04538,no,,0.531289
h1-2024,30,2024-05-24,2024-06-22,11,-187.49,-0.37498,no,,0.53304
h1-2024,30,2024-05-25,2024-06-23,11,-187.49,-0.37498,no,,0.53304
h1-2024,30,2024-05-26,2024-06-24,12,-297.11,-0.59422,no,,0.712848
h1-2024,60,2024-01-08,2024-03-07,6,839.59,1.67918,no,,0.0
h1-2024,60,2024-01-09,2024-03-08,3,441.87,0.88374,no,,0.0
h1-2024,60,2024-01-10,2024-03-09,3,441.87,0.88374,no,,0.0
h1-2024,60,2024-01-11,2024-03-10,3,441.87,0.88374,no,,0.0
h1-2024,60,2024-01-12,2024-03-11,3,441.87,0.88374,no,,0.0
h1-2024,60,2024-01-13,2024-03-12,3,441.87,0.88374,no,,0.0
h1-2024,60,2024-01-14,2024-03-13,3,441.87,0.88374,no,,0.0
h1-2024,60,2024-01-15,2024-03-14,3,441.87,0.88374,no,,0.0
h1-2024,60,2024-01-16,2024-03-15,3,441.87,0.88374,no,,0.0
h1-2024,60,2024-01-17,2024-03-16,3,441.87,0.88374,no,,0.0
h1-2024,60,2024-01-18,2024-03-17,3,441.87,0.88374,no,,0.0
h1-2024,60,2024-01-19,2024-03-18,3,441.87,0.88374,no,,0.0
h1-2024,60,2024-01-20,2024-03-19,3,441.87,0.88374,no,,0.0
h1-2024,60,2024-01-21,2024-03-20,3,441.87,0.88374,no,,0.0
h1-2024,60,2024-01-22,2024-03-21,3,441.87,0.88374,no,,0.0
h1-2024,60,2024-01-23,2024-03-22,3,441.87,0.88374,no,,0.0
h1-2024,60,2024-01-24,2024-03-23,3,441.87,0.88374,no,,0.0
h1-2024,60,2024-01-25,2024-03-24,3,441.87,0.88374,no,,0.0
h1-2024,60,2024-01-26,2024-03-25,5,29.94,0.05988,no,,0.816643
h1-2024,60,2024-01-27,2024-03-26,5,29.94,0.05988,no,,0.816643
h1-2024,60,2024-01-28,2024-03-27,5,29.94,0.05988,no,,0.816643
h1-2024,60,2024-01-29,2024-03-28,5,29.94,0.05988,no,,0.816643
h1-2024,60,2024-01-30,2024-03-29,5,29.94,0.05988,no,,0.816643
h1-2024,60,2024-01-31,2024-03-30,5,29.94,0.05988,no,,0.816643
h1-2024,60,2024-02-01,2024-03-31,5,29.94,0.05988,no,,0.816643
h1-2024,60,2024-02-02,2024-04-01,5,29.94,0.05988,no,,0.816643
h1-2024,60,2024-02-03,2024-04-02,13,1968.12,3.93624,no,,0.816643
h1-2024,60,2024-02-04,2024-04-03,16,2914.67,5.82934,no,,0.816643
h1-2024,60,2024-02-05,2024-04-04,16,2914.67,5.82934,no,,0.816643
h1-2024,60,2024-02-06,2024-04-05,14,2206.87,4.41374,no,,0.82386
h1-2024,60,2024-02-07,2024-04-06,14,2206.87,4.41374,no,,0.82386
h1-2024,60,2024-02-08,2024-04-07,14,2206.87,4.41374,no,,0.82386
h1-2024,60,2024-02-09,2024-04-08,14,2206.87,4.41374,no,,0.82386
h1-2024,60,2024-02-10,2024-04-09,14,2206.87,4.41374,no,,0.82386
h1-2024,60,2024-02-11,2024-04-10,14,2206.87,4.41374,no,,0.82386
h1-2024,60,2024-02-12,2024-04-11,15,1935.55,3.8711,no,,1.023864
h1-2024,60,2024-02-13,2024-04-12,15,1935.55,3.8711,no,,1.023864
h1-2024,60,2024-02-14,2024-04-13,15,1935.55,3.8711,no,,1.023864
h1-2024,60,2024-02-15,2024-04-14,15,1935.55,3.8711,no,,1.023864
h1-2024,60,2024-02-16,2024-04-15,15,1935.55,3.8711,no,,1.023864
h1-2024,60,2024-02-17,2024-04-16,15,1935.55,3.8711,no,,1.023864
h1-2024,60,2024-02-18,2024-04-17,15,1935.55,3.8711,no,,1.023864
h1-2024,60,2024-02-19,2024-04-18,15,1935.55,3.8711,no,,1.023864
h1-2024,60,2024-02-20,2024-04-19,15,1935.55,3.8711,no,,1.023864
h1-2024,60,2024-02-21,2024-04-20,15,1935.55,3.8711,no,,1.023864
h1-2024,60,2024-02-22,2024-04-21,15,1935.55,3.8711,no,,1.023864
h1-2024,60,2024-02-23,2024-04-22,18,2351.06,4.70212,no,,1.023864
h1-2024,60,2024-02-24,2024-04-23,18,2351.06,4.70212,no,,1.023864
h1-2024,60,2024-02-25,2024-04-24,18,2351.06,4.70212,no,,1.023864
h1-2024,60,2024-02-26,2024-04-25,18,2351.06,4.70212,no,,1.023864
h1-2024,60,2024-02-27,2024-04-26,18,2351.06,4.70212,no,,1.023864
h1-2024,60,2024-02-28,2024-04-27,18,2351.06,4.70212,no,,1.023864
h1-2024,60,2024-02-29,2024-04-28,18,2351.06,4.70212,no,,1.023864
h1-2024,60,2024-03-01,2024-04-29,18,2351.06,4.70212,no,,1.023864
h1-2024,60,2024-03-02,2024-04-30,21,2799.66,5.59932,no,,1.023864
h1-2024,60,2024-03-03,2024-05-01,21,2799.66,5.59932,no,,1.023864
h1-2024,60,2024-03-04,2024-05-02,21,2799.66,5.59932,no,,1.023864
h1-2024,60,2024-03-05,2024-05-03,21,2799.66,5.59932,no,,1.023864
h1-2024,60,2024-03-06,2024-05-04,21,2799.66,5.59932,no,,1.023864
h1-2024,60,2024-03-07,2024-05-05,21,2799.66,5.59932,no,,1.023864
h1-2024,60,2024-03-08,2024-05-06,21,2799.66,5.59932,no,,1.023864
h1-2024,60,2024-03-09,2024-05-07,21,2799.66,5.59932,no,,1.023864
h1-2024,60,2024-03-10,2024-05-08,21,2799.66,5.59932,no,,1.023864
h1-2024,60,2024-03-11,2024-05-09,21,2799.66,5.59932,no,,1.023864
h1-2024,60,2024-03-12,2024-05-10,21,2799.66,5.59932,no,,1.023864
h1-2024,60,2024-03-13,2024-05-11,21,2799.66,5.59932,no,,1.023864
h1-2024,60,2024-03-14,2024-05-12,21,2799.66,5.59932,no,,1.023864
h1-2024,60,2024-03-15,2024-05-13,21,2799.66,5.59932,no,,1.023864
h1-2024,60,2024-03-16,2024-05-14,21,2799.66,5.59932,no,,1.023864
h1-2024,60,2024-03-17,2024-05-15,21,2799.66,5.59932,no,,1.023864
h1-2024,60,2024-03-18,2024-05-16,21,2799.66,5.59932,no,,1.023864
h1-2024,60,2024-03-19,2024-05-17,21,2799.66,5.59932,no,,1.023864
h1-2024,60,2024-03-20,2024-05-18,21,2799.66,5.59932,no,,1.023864
h1-2024,60,2024-03-21,2024-05-19,21,2799.66,5.59932,no,,1.023864
h1-2024,60,2024-03-22,2024-05-20,21,2799.66,5.59932,no,,1.023864
h1-2024,60,2024-03-23,2024-05-21,21,2799.66,5.59932,no,,1.023864
h1-2024,60,2024-03-24,2024-05-22,21,2799.66,5.59932,no,,1.023864
h1-2024,60,2024-03-25,2024-05-23,23,2964.46,5.92892,no,,1.023864
h1-2024,60,2024-03-26,2024-05-24,21,3376.39,6.75278,no,,1.015889
h1-2024,60,2024-03-27,2024-05-25,21,3376.39,6.75278,no,,1.015889
h1-2024,60,2024-03-28,2024-05-26,21,3376.39,6.75278,no,,1.015889
h1-2024,60,2024-03-29,2024-05-27,21,3376.39,6.75278,no,,1.015889
h1-2024,60,2024-03-30,2024-05-28,21,3376.39,6.75278,no,,1.015889
h1-2024,60,2024-03-31,2024-05-29,21,3376.39,6.75278,no,,1.015889
h1-2024,60,2024-04-01,2024-05-30,22,3241.39,6.48278,no,,1.015889
h1-2024,60,2024-04-02,2024-05-31,22,3241.39,6.48278,no,,1.015889
h1-2024,60,2024-04-03,2024-06-01,14,1303.21,2.60642,no,,1.054537
h1-2024,60,2024-04-04,2024-06-02,11,356.66,0.71332,no,,1.0745
h1-2024,60,2024-04-05,2024-06-03,12,225.14,0.45028,no,,1.0745
h1-2024,60,2024-04-06,2024-06-04,11,491.07,0.98214,no,,0.54264
h1-2024,60,2024-04-07,2024-06-05,11,491.07,0.98214,no,,0.54264
h1-2024,60,2024-04-08,2024-06-06,11,491.07,0.98214,no,,0.54264
h1-2024,60,2024-04-09,2024-06-07,11,491.07,0.98214,no,,0.54264
h1-2024,60,2024-04-10,2024-06-08,11,491.07,0.98214,no,,0.54264
h1-2024,60,2024-04-11,2024-06-09,11,491.07,0.98214,no,,0.54264
h1-2024,60,2024-04-12,2024-06-10,18,953.65,1.9073,no,,0.522292
h1-2024,60,2024-04-13,2024-06-11,19,841.42,1.68284,no,,0.522292
h1-2024,60,2024-04-14,2024-06-12,19,841.42,1.68284,no,,0.522292
h1-2024,60,2024-04-15,2024-06-13,19,841.42,1.68284,no,,0.522292
h1-2024,60,2024-04-16,2024-06-14,19,841.42,1.68284,no,,0.522292
h1-2024,60,2024-04-17,2024-06-15,19,841.42,1.68284,no,,0.522292
h1-2024,60,2024-04-18,2024-06-16,19,841.42,1.68284,no,,0.522292
h1-2024,60,2024-04-19,2024-06-17,19,841.42,1.68284,no,,0.522292
h1-2024,60,2024-04-20,2024-06-18,19,841.42,1.68284,no,,0.522292
h1-2024,60,2024-04-21,2024-06-19,19,841.42,1.68284,no,,0.522292
h1-2024,60,2024-04-22,2024-06-20,19,841.42,1.68284,no,,0.522292
h1-2024,60,2024-04-23,2024-06-21,16,425.91,0.85182,no,,0.52658
h1-2024,60,2024-04-24,2024-06-22,16,425.91,0.85182,no,,0.52658
h1-2024,60,2024-04-25,2024-06-23,16,425.91,0.85182,no,,0.52658
h1-2024,60,2024-04-26,2024-06-24,17,316.29,0.63258,no,,0.704219
h2-2024,30,2024-07-16,2024-08-14,6,1089.35,2.1787,no,,0.354552
h2-2024,30,2024-07-17,2024-08-15,3,194.19,0.38838,no,,0.3609
h2-2024,30,2024-07-18,2024-08-16,3,194.19,0.38838,no,,0.3609
h2-2024,30,2024-07-19,2024-08-17,3,194.19,0.38838,no,,0.3609
h2-2024,30,2024-07-20,2024-08-18,3,194.19,0.38838,no,,0.3609
h2-2024,30,2024-07-21,2024-08-19,3,194.19,0.38838,no,,0.3609
h2-2024,30,2024-07-22,2024-08-20,3,194.19,0.38838,no,,0.3609
h2-2024,30,2024-07-23,2024-08-21,2,374.64,0.74928,no,,0.0
h2-2024,30,2024-07-24,2024-08-22,2,374.64,0.74928,no,,0.0
h2-2024,30,2024-07-25,2024-08-23,2,374.64,0.74928,no,,0.0
h2-2024,30,2024-07-26,2024-08-24,0,0,0.0,no,,0.0
h2-2024,30,2024-07-27,2024-08-25,0,0,0.0,no,,0.0
h2-2024,30,2024-07-28,2024-08-26,0,0,0.0,no,,0.0
h2-2024,30,2024-07-29,2024-08-27,0,0,0.0,no,,0.0
h2-2024,30,2024-07-30,2024-08-28,0,0,0.0,no,,0.0
h2-2024,30,2024-07-31,2024-08-29,0,0,0.0,no,,0.0
h2-2024,30,2024-08-01,2024-08-30,0,0,0.0,no,,0.0
h2-2024,30,2024-08-02,2024-08-31,0,0,0.0,no,,0.0
h2-2024,30,2024-08-03,2024-09-01,0,0,0.0,no,,0.0
h2-2024,30,2024-08-04,2024-09-02,0,0,0.0,no,,0.0
h2-2024,30,2024-08-05,2024-09-03,0,0,0.0,no,,0.0
h2-2024,30,2024-08-06,2024-09-04,0,0,0.0,no,,0.0
h2-2024,30,2024-08-07,2024-09-05,0,0,0.0,no,,0.0
h2-2024,30,2024-08-08,2024-09-06,0,0,0.0,no,,0.0
h2-2024,30,2024-08-09,2024-09-07,0,0,0.0,no,,0.0
h2-2024,30,2024-08-10,2024-09-08,0,0,0.0,no,,0.0
h2-2024,30,2024-08-11,2024-09-09,0,0,0.0,no,,0.0
h2-2024,30,2024-08-12,2024-09-10,0,0,0.0,no,,0.0
h2-2024,30,2024-08-13,2024-09-11,0,0,0.0,no,,0.0
h2-2024,30,2024-08-14,2024-09-12,0,0,0.0,no,,0.0
h2-2024,30,2024-08-15,2024-09-13,0,0,0.0,no,,0.0
h2-2024,30,2024-08-16,2024-09-14,0,0,0.0,no,,0.0
h2-2024,30,2024-08-17,2024-09-15,0,0,0.0,no,,0.0
h2-2024,30,2024-08-18,2024-09-16,0,0,0.0,no,,0.0
h2-2024,30,2024-08-19,2024-09-17,0,0,0.0,no,,0.0
h2-2024,30,2024-08-20,2024-09-18,0,0,0.0,no,,0.0
h2-2024,30,2024-08-21,2024-09-19,0,0,0.0,no,,0.0
h2-2024,30,2024-08-22,2024-09-20,0,0,0.0,no,,0.0
h2-2024,30,2024-08-23,2024-09-21,0,0,0.0,no,,0.0
h2-2024,30,2024-08-24,2024-09-22,0,0,0.0,no,,0.0
h2-2024,30,2024-08-25,2024-09-23,0,0,0.0,no,,0.0
h2-2024,30,2024-08-26,2024-09-24,0,0,0.0,no,,0.0
h2-2024,30,2024-08-27,2024-09-25,0,0,0.0,no,,0.0
h2-2024,30,2024-08-28,2024-09-26,0,0,0.0,no,,0.0
h2-2024,30,2024-08-29,2024-09-27,0,0,0.0,no,,0.0
h2-2024,30,2024-08-30,2024-09-28,0,0,0.0,no,,0.0
h2-2024,30,2024-08-31,2024-09-29,0,0,0.0,no,,0.0
h2-2024,30,2024-09-01,2024-09-30,0,0,0.0,no,,0.0
h2-2024,30,2024-09-02,2024-10-01,0,0,0.0,no,,0.0
h2-2024,30,2024-09-03,2024-10-02,0,0,0.0,no,,0.0
h2-2024,30,2024-09-04,2024-10-03,0,0,0.0,no,,0.0
h2-2024,30,2024-09-05,2024-10-04,0,0,0.0,no,,0.0
h2-2024,30,2024-09-06,2024-10-05,0,0,0.0,no,,0.0
h2-2024,30,2024-09-07,2024-10-06,0,0,0.0,no,,0.0
h2-2024,30,2024-09-08,2024-10-07,1,-243.04,-0.48608,no,,0.48608
h2-2024,30,2024-09-09,2024-10-08,1,-243.04,-0.48608,no,,0.48608
h2-2024,30,2024-09-10,2024-10-09,2,-459.96,-0.91992,no,,0.91992
h2-2024,30,2024-09-11,2024-10-10,2,-459.96,-0.91992,no,,0.91992
h2-2024,30,2024-09-12,2024-10-11,2,-459.96,-0.91992,no,,0.91992
h2-2024,30,2024-09-13,2024-10-12,2,-459.96,-0.91992,no,,0.91992
h2-2024,30,2024-09-14,2024-10-13,2,-459.96,-0.91992,no,,0.91992
h2-2024,30,2024-09-15,2024-10-14,2,-459.96,-0.91992,no,,0.91992
h2-2024,30,2024-09-16,2024-10-15,2,-459.96,-0.91992,no,,0.91992
h2-2024,30,2024-09-17,2024-10-16,2,-459.96,-0.91992,no,,0.91992
h2-2024,30,2024-09-18,2024-10-17,2,-459.96,-0.91992,no,,0.91992
h2-2024,30,2024-09-19,2024-10-18,2,-459.96,-0.91992,no,,0.91992
h2-2024,30,2024-09-20,2024-10-19,2,-459.96,-0.91992,no,,0.91992
h2-2024,30,2024-09-21,2024-10-20,2,-459.96,-0.91992,no,,0.91992
h2-2024,30,2024-09-22,2024-10-21,8,906.57,1.81314,no,,0.91992
h2-2024,30,2024-09-23,2024-10-22,8,906.57,1.81314,no,,0.91992
h2-2024,30,2024-09-24,2024-10-23,8,906.57,1.81314,no,,0.91992
h2-2024,30,2024-09-25,2024-10-24,8,906.57,1.81314,no,,0.91992
h2-2024,30,2024-09-26,2024-10-25,9,716.37,1.43274,no,,0.91992
h2-2024,30,2024-09-27,2024-10-26,9,716.37,1.43274,no,,0.91992
h2-2024,30,2024-09-28,2024-10-27,9,716.37,1.43274,no,,0.91992
h2-2024,30,2024-09-29,2024-10-28,9,716.37,1.43274,no,,0.91992
h2-2024,30,2024-09-30,2024-10-29,9,716.37,1.43274,no,,0.91992
h2-2024,30,2024-10-01,2024-10-30,9,716.37,1.43274,no,,0.91992
h2-2024,30,2024-10-02,2024-10-31,9,716.37,1.43274,no,,0.91992
h2-2024,30,2024-10-03,2024-11-01,10,543.47,1.08694,no,,0.91992
h2-2024,30,2024-10-04,2024-11-02,10,543.47,1.08694,no,,0.91992
h2-2024,30,2024-10-05,2024-11-03,10,543.47,1.08694,no,,0.91992
h2-2024,30,2024-10-06,2024-11-04,10,543.47,1.08694,no,,0.91992
h2-2024,30,2024-10-07,2024-11-05,10,543.47,1.08694,no,,0.91992
h2-2024,30,2024-10-08,2024-11-06,9,786.51,1.57302,no,,0.709878
h2-2024,30,2024-10-09,2024-11-07,9,786.51,1.57302,no,,0.709878
h2-2024,30,2024-10-10,2024-11-08,9,757.51,1.51502,no,,1.185636
h2-2024,30,2024-10-11,2024-11-09,9,757.51,1.51502,no,,1.185636
h2-2024,30,2024-10-12,2024-11-10,9,757.51,1.51502,no,,1.185636
h2-2024,30,2024-10-13,2024-11-11,9,757.51,1.51502,no,,1.185636
h2-2024,30,2024-10-14,2024-11-12,11,1049.36,2.09872,no,,1.185636
h2-2024,30,2024-10-15,2024-11-13,11,1049.36,2.09872,no,,1.185636
h2-2024,30,2024-10-16,2024-11-14,11,1049.36,2.09872,no,,1.185636
h2-2024,30,2024-10-17,2024-11-15,12,806.02,1.61204,no,,1.185636
h2-2024,30,2024-10-18,2024-11-16,12,806.02,1.61204,no,,1.185636
h2-2024,30,2024-10-19,2024-11-17,12,806.02,1.61204,no,,1.185636
h2-2024,30,2024-10-20,2024-11-18,12,806.02,1.61204,no,,1.185636
h2-2024,30,2024-10-21,2024-11-19,12,806.02,1.61204,no,,1.185636
h2-2024,30,2024-10-22,2024-11-20,6,-560.51,-1.12102,no,,1.21804
h2-2024,30,2024-10-23,2024-11-21,6,-560.51,-1.12102,no,,1.21804
h2-2024,30,2024-10-24,2024-11-22,6,-560.51,-1.12102,no,,1.21804
h2-2024,30,2024-10-25,2024-11-23,6,-560.51,-1.12102,no,,1.21804
h2-2024,30,2024-10-26,2024-11-24,5,-370.31,-0.74062,no,,0.83764
h2-2024,30,2024-10-27,2024-11-25,5,-370.31,-0.74062,no,,0.83764
h2-2024,30,2024-10-28,2024-11-26,5,-370.31,-0.74062,no,,0.83764
h2-2024,30,2024-10-29,2024-11-27,5,-370.31,-0.74062,no,,0.83764
h2-2024,30,2024-10-30,2024-11-28,5,-370.31,-0.74062,no,,0.83764
h2-2024,30,2024-10-31,2024-11-29,5,-370.31,-0.74062,no,,0.83764
h2-2024,30,2024-11-01,2024-11-30,5,-370.31,-0.74062,no,,0.83764
h2-2024,30,2024-11-02,2024-12-01,4,-197.41,-0.39482,no,,0.49184
h2-2024,30,2024-11-03,2024-12-02,5,-423.37,-0.84674,no,,0.937739
h2-2024,30,2024-11-04,2024-12-03,5,-423.37,-0.84674,no,,0.937739
h2-2024,30,2024-11-05,2024-12-04,5,-423.37,-0.84674,no,,0.937739
h2-2024,30,2024-11-06,2024-12-05,5,-423.37,-0.84674,no,,0.937739
h2-2024,30,2024-11-07,2024-12-06,5,-423.37,-0.84674,no,,0.937739
h2-2024,30,2024-11-08,2024-12-07,5,-423.37,-0.84674,no,,0.937739
h2-2024,30,2024-11-09,2024-12-08,4,-177.45,-0.3549,no,,0.933153
h2-2024,30,2024-11-10,2024-12-09,4,-177.45,-0.3549,no,,0.933153
h2-2024,30,2024-11-11,2024-12-10,4,-177.45,-0.3549,no,,0.933153
h2-2024,30,2024-11-12,2024-12-11,4,-177.45,-0.3549,no,,0.933153
h2-2024,30,2024-11-13,2024-12-12,2,-469.3,-0.9386,no,,0.9386
h2-2024,30,2024-11-14,2024-12-13,2,-469.3,-0.9386,no,,0.9386
h2-2024,30,2024-11-15,2024-12-14,2,-469.3,-0.9386,no,,0.9386
h2-2024,30,2024-11-16,2024-12-15,1,-225.96,-0.45192,no,,0.45192
h2-2024,30,2024-11-17,2024-12-16,1,-225.96,-0.45192,no,,0.45192
h2-2024,30,2024-11-18,2024-12-17,1,-225.96,-0.45192,no,,0.45192
h2-2024,30,2024-11-19,2024-12-18,1,-225.96,-0.45192,no,,0.45192
h2-2024,30,2024-11-20,2024-12-19,1,-225.96,-0.45192,no,,0.45192
h2-2024,30,2024-11-21,2024-12-20,1,-225.96,-0.45192,no,,0.45192
h2-2024,30,2024-11-22,2024-12-21,1,-225.96,-0.45192,no,,0.45192
h2-2024,30,2024-11-23,2024-12-22,1,-225.96,-0.45192,no,,0.45192
h2-2024,30,2024-11-24,2024-12-23,1,-225.96,-0.45192,no,,0.45192
h2-2024,30,2024-11-25,2024-12-24,1,-225.96,-0.45192,no,,0.45192
h2-2024,30,2024-11-26,2024-12-25,1,-225.96,-0.45192,no,,0.45192
h2-2024,30,2024-11-27,2024-12-26,1,-225.96,-0.45192,no,,0.45192
h2-2024,30,2024-11-28,2024-12-27,1,-225.96,-0.45192,no,,0.45192
h2-2024,30,2024-11-29,2024-12-28,1,-225.96,-0.45192,no,,0.45192
h2-2024,30,2024-11-30,2024-12-29,1,-225.96,-0.45192,no,,0.45192
h2-2024,30,2024-12-01,2024-12-30,3,29.88,0.05976,no,,0.45192
h2-2024,60,2024-07-16,2024-09-13,6,1089.35,2.1787,no,,0.354552
h2-2024,60,2024-07-17,2024-09-14,3,194.19,0.38838,no,,0.3609
h2-2024,60,2024-07-18,2024-09-15,3,194.19,0.38838,no,,0.3609
h2-2024,60,2024-07-19,2024-09-16,3,194.19,0.38838,no,,0.3609
h2-2024,60,2024-07-20,2024-09-17,3,194.19,0.38838,no,,0.3609
h2-2024,60,2024-07-21,2024-09-18,3,194.19,0.38838,no,,0.3609
h2-2024,60,2024-07-22,2024-09-19,3,194.19,0.38838,no,,0.3609
h2-2024,60,2024-07-23,2024-09-20,2,374.64,0.74928,no,,0.0
h2-2024,60,2024-07-24,2024-09-21,2,374.64,0.74928,no,,0.0
h2-2024,60,2024-07-25,2024-09-22,2,374.64,0.74928,no,,0.0
h2-2024,60,2024-07-26,2024-09-23,0,0,0.0,no,,0.0
h2-2024,60,2024-07-27,2024-09-24,0,0,0.0,no,,0.0
h2-2024,60,2024-07-28,2024-09-25,0,0,0.0,no,,0.0
h2-2024,60,2024-07-29,2024-09-26,0,0,0.0,no,,0.0
h2-2024,60,2024-07-30,2024-09-27,0,0,0.0,no,,0.0
h2-2024,60,2024-07-31,2024-09-28,0,0,0.0,no,,0.0
h2-2024,60,2024-08-01,2024-09-29,0,0,0.0,no,,0.0
h2-2024,60,2024-08-02,2024-09-30,0,0,0.0,no,,0.0
h2-2024,60,2024-08-03,2024-10-01,0,0,0.0,no,,0.0
h2-2024,60,2024-08-04,2024-10-02,0,0,0.0,no,,0.0
h2-2024,60,2024-08-05,2024-10-03,0,0,0.0,no,,0.0
h2-2024,60,2024-08-06,2024-10-04,0,0,0.0,no,,0.0
h2-2024,60,2024-08-07,2024-10-05,0,0,0.0,no,,0.0
h2-2024,60,2024-08-08,2024-10-06,0,0,0.0,no,,0.0
h2-2024,60,2024-08-09,2024-10-07,1,-243.04,-0.48608,no,,0.48608
h2-2024,60,2024-08-10,2024-10-08,1,-243.04,-0.48608,no,,0.48608
h2-2024,60,2024-08-11,2024-10-09,2,-459.96,-0.91992,no,,0.91992
h2-2024,60,2024-08-12,2024-10-10,2,-459.96,-0.91992,no,,0.91992
h2-2024,60,2024-08-13,2024-10-11,2,-459.96,-0.91992,no,,0.91992
h2-2024,60,2024-08-14,2024-10-12,2,-459.96,-0.91992,no,,0.91992
h2-2024,60,2024-08-15,2024-10-13,2,-459.96,-0.91992,no,,0.91992
h2-2024,60,2024-08-16,2024-10-14,2,-459.96,-0.91992,no,,0.91992
h2-2024,60,2024-08-17,2024-10-15,2,-459.96,-0.91992,no,,0.91992
h2-2024,60,2024-08-18,2024-10-16,2,-459.96,-0.91992,no,,0.91992
h2-2024,60,2024-08-19,2024-10-17,2,-459.96,-0.91992,no,,0.91992
h2-2024,60,2024-08-20,2024-10-18,2,-459.96,-0.91992,no,,0.91992
h2-2024,60,2024-08-21,2024-10-19,2,-459.96,-0.91992,no,,0.91992
h2-2024,60,2024-08-22,2024-10-20,2,-459.96,-0.91992,no,,0.91992
h2-2024,60,2024-08-23,2024-10-21,8,906.57,1.81314,no,,0.91992
h2-2024,60,2024-08-24,2024-10-22,8,906.57,1.81314,no,,0.91992
h2-2024,60,2024-08-25,2024-10-23,8,906.57,1.81314,no,,0.91992
h2-2024,60,2024-08-26,2024-10-24,8,906.57,1.81314,no,,0.91992
h2-2024,60,2024-08-27,2024-10-25,9,716.37,1.43274,no,,0.91992
h2-2024,60,2024-08-28,2024-10-26,9,716.37,1.43274,no,,0.91992
h2-2024,60,2024-08-29,2024-10-27,9,716.37,1.43274,no,,0.91992
h2-2024,60,2024-08-30,2024-10-28,9,716.37,1.43274,no,,0.91992
h2-2024,60,2024-08-31,2024-10-29,9,716.37,1.43274,no,,0.91992
h2-2024,60,2024-09-01,2024-10-30,9,716.37,1.43274,no,,0.91992
h2-2024,60,2024-09-02,2024-10-31,9,716.37,1.43274,no,,0.91992
h2-2024,60,2024-09-03,2024-11-01,10,543.47,1.08694,no,,0.91992
h2-2024,60,2024-09-04,2024-11-02,10,543.47,1.08694,no,,0.91992
h2-2024,60,2024-09-05,2024-11-03,10,543.47,1.08694,no,,0.91992
h2-2024,60,2024-09-06,2024-11-04,10,543.47,1.08694,no,,0.91992
h2-2024,60,2024-09-07,2024-11-05,10,543.47,1.08694,no,,0.91992
h2-2024,60,2024-09-08,2024-11-06,10,543.47,1.08694,no,,0.91992
h2-2024,60,2024-09-09,2024-11-07,10,543.47,1.08694,no,,0.91992
h2-2024,60,2024-09-10,2024-11-08,11,297.55,0.5951,no,,1.196349
h2-2024,60,2024-09-11,2024-11-09,11,297.55,0.5951,no,,1.196349
h2-2024,60,2024-09-12,2024-11-10,11,297.55,0.5951,no,,1.196349
h2-2024,60,2024-09-13,2024-11-11,11,297.55,0.5951,no,,1.196349
h2-2024,60,2024-09-14,2024-11-12,13,589.4,1.1788,no,,1.196349
h2-2024,60,2024-09-15,2024-11-13,13,589.4,1.1788,no,,1.196349
h2-2024,60,2024-09-16,2024-11-14,13,589.4,1.1788,no,,1.196349
h2-2024,60,2024-09-17,2024-11-15,14,346.06,0.69212,no,,1.196349
h2-2024,60,2024-09-18,2024-11-16,14,346.06,0.69212,no,,1.196349
h2-2024,60,2024-09-19,2024-11-17,14,346.06,0.69212,no,,1.196349
h2-2024,60,2024-09-20,2024-11-18,14,346.06,0.69212,no,,1.196349
h2-2024,60,2024-09-21,2024-11-19,14,346.06,0.69212,no,,1.196349
h2-2024,60,2024-09-22,2024-11-20,14,346.06,0.69212,no,,1.196349
h2-2024,60,2024-09-23,2024-11-21,14,346.06,0.69212,no,,1.196349
h2-2024,60,2024-09-24,2024-11-22,14,346.06,0.69212,no,,1.196349
h2-2024,60,2024-09-25,2024-11-23,14,346.06,0.69212,no,,1.196349
h2-2024,60,2024-09-26,2024-11-24,14,346.06,0.69212,no,,1.196349
h2-2024,60,2024-09-27,2024-11-25,14,346.06,0.69212,no,,1.196349
h2-2024,60,2024-09-28,2024-11-26,14,346.06,0.69212,no,,1.196349
h2-2024,60,2024-09-29,2024-11-27,14,346.06,0.69212,no,,1.196349
h2-2024,60,2024-09-30,2024-11-28,14,346.06,0.69212,no,,1.196349
h2-2024,60,2024-10-01,2024-11-29,14,346.06,0.69212,no,,1.196349
h2-2024,60,2024-10-02,2024-11-30,14,346.06,0.69212,no,,1.196349
h2-2024,60,2024-10-03,2024-12-01,14,346.06,0.69212,no,,1.196349
h2-2024,60,2024-10-04,2024-12-02,15,120.1,0.2402,no,,1.544928
h2-2024,60,2024-10-05,2024-12-03,15,120.1,0.2402,no,,1.544928
h2-2024,60,2024-10-06,2024-12-04,15,120.1,0.2402,no,,1.544928
h2-2024,60,2024-10-07,2024-12-05,15,120.1,0.2402,no,,1.544928
h2-2024,60,2024-10-08,2024-12-06,14,363.14,0.72628,no,,1.537587
h2-2024,60,2024-10-09,2024-12-07,14,363.14,0.72628,no,,1.537587
h2-2024,60,2024-10-10,2024-12-08,13,580.06,1.16012,no,,1.531094
h2-2024,60,2024-10-11,2024-12-09,13,580.06,1.16012,no,,1.531094
h2-2024,60,2024-10-12,2024-12-10,13,580.06,1.16012,no,,1.531094
h2-2024,60,2024-10-13,2024-12-11,13,580.06,1.16012,no,,1.531094
h2-2024,60,2024-10-14,2024-12-12,13,580.06,1.16012,no,,1.531094
h2-2024,60,2024-10-15,2024-12-13,13,580.06,1.16012,no,,1.531094
h2-2024,60,2024-10-16,2024-12-14,13,580.06,1.16012,no,,1.531094
h2-2024,60,2024-10-17,2024-12-15,13,580.06,1.16012,no,,1.531094
h2-2024,60,2024-10-18,2024-12-16,13,580.06,1.16012,no,,1.531094
h2-2024,60,2024-10-19,2024-12-17,13,580.06,1.16012,no,,1.531094
h2-2024,60,2024-10-20,2024-12-18,13,580.06,1.16012,no,,1.531094
h2-2024,60,2024-10-21,2024-12-19,13,580.06,1.16012,no,,1.531094
h2-2024,60,2024-10-22,2024-12-20,7,-786.47,-1.57294,no,,1.57294
h2-2024,60,2024-10-23,2024-12-21,7,-786.47,-1.57294,no,,1.57294
h2-2024,60,2024-10-24,2024-12-22,7,-786.47,-1.57294,no,,1.57294
h2-2024,60,2024-10-25,2024-12-23,7,-786.47,-1.57294,no,,1.57294
h2-2024,60,2024-10-26,2024-12-24,6,-596.27,-1.19254,no,,1.19254
h2-2024,60,2024-10-27,2024-12-25,6,-596.27,-1.19254,no,,1.19254
h2-2024,60,2024-10-28,2024-12-26,6,-596.27,-1.19254,no,,1.19254
h2-2024,60,2024-10-29,2024-12-27,6,-596.27,-1.19254,no,,1.19254
h2-2024,60,2024-10-30,2024-12-28,6,-596.27,-1.19254,no,,1.19254
h2-2024,60,2024-10-31,2024-12-29,6,-596.27,-1.19254,no,,1.19254
h2-2024,60,2024-11-01,2024-12-30,8,-340.43,-0.68086,no,,1.19254
h1-2025,30,2025-01-22,2025-02-20,3,890.78,1.78156,no,,0.0
h1-2025,30,2025-01-23,2025-02-21,0,0,0.0,no,,0.0
h1-2025,30,2025-01-24,2025-02-22,0,0,0.0,no,,0.0
h1-2025,30,2025-01-25,2025-02-23,0,0,0.0,no,,0.0
h1-2025,30,2025-01-26,2025-02-24,0,0,0.0,no,,0.0
h1-2025,30,2025-01-27,2025-02-25,0,0,0.0,no,,0.0
h1-2025,30,2025-01-28,2025-02-26,2,-488.61,-0.97722,no,,0.97722
h1-2025,30,2025-01-29,2025-02-27,3,-344.43,-0.68886,no,,0.97722
h1-2025,30,2025-01-30,2025-02-28,4,-243.35,-0.4867,no,,0.97722
h1-2025,30,2025-01-31,2025-03-01,4,-243.35,-0.4867,no,,0.97722
h1-2025,30,2025-02-01,2025-03-02,4,-243.35,-0.4867,no,,0.97722
h1-2025,30,2025-02-02,2025-03-03,4,-243.35,-0.4867,no,,0.97722
h1-2025,30,2025-02-03,2025-03-04,4,-243.35,-0.4867,no,,0.97722
h1-2025,30,2025-02-04,2025-03-05,4,-243.35,-0.4867,no,,0.97722
h1-2025,30,2025-02-05,2025-03-06,4,-243.35,-0.4867,no,,0.97722
h1-2025,30,2025-02-06,2025-03-07,4,-243.35,-0.4867,no,,0.97722
h1-2025,30,2025-02-07,2025-03-08,4,-243.35,-0.4867,no,,0.97722
h1-2025,30,2025-02-08,2025-03-09,4,-243.35,-0.4867,no,,0.97722
h1-2025,30,2025-02-09,2025-03-10,4,-243.35,-0.4867,no,,0.97722
h1-2025,30,2025-02-10,2025-03-11,4,-243.35,-0.4867,no,,0.97722
h1-2025,30,2025-02-11,2025-03-12,4,-243.35,-0.4867,no,,0.97722
h1-2025,30,2025-02-12,2025-03-13,4,-243.35,-0.4867,no,,0.97722
h1-2025,30,2025-02-13,2025-03-14,10,1114.92,2.22984,no,,0.97722
h1-2025,30,2025-02-14,2025-03-15,10,1114.92,2.22984,no,,0.97722
h1-2025,30,2025-02-15,2025-03-16,10,1114.92,2.22984,no,,0.97722
h1-2025,30,2025-02-16,2025-03-17,10,1114.92,2.22984,no,,0.97722
h1-2025,30,2025-02-17,2025-03-18,10,1114.92,2.22984,no,,0.97722
h1-2025,30,2025-02-18,2025-03-19,10,1114.92,2.22984,no,,0.97722
h1-2025,30,2025-02-19,2025-03-20,10,1114.92,2.22984,no,,0.97722
h1-2025,30,2025-02-20,2025-03-21,10,1114.92,2.22984,no,,0.97722
h1-2025,30,2025-02-21,2025-03-22,10,1114.92,2.22984,no,,0.97722
h1-2025,30,2025-02-22,2025-03-23,10,1114.92,2.22984,no,,0.97722
h1-2025,30,2025-02-23,2025-03-24,10,1114.92,2.22984,no,,0.97722
h1-2025,30,2025-02-24,2025-03-25,10,1114.92,2.22984,no,,0.97722
h1-2025,30,2025-02-25,2025-03-26,11,868.96,1.73792,no,,0.97722
h1-2025,30,2025-02-26,2025-03-27,11,868.96,1.73792,no,,0.97722
h1-2025,30,2025-02-27,2025-03-28,9,1357.57,2.71514,no,,0.476634
h1-2025,30,2025-02-28,2025-03-29,8,1213.39,2.42678,no,,0.47797
h1-2025,30,2025-03-01,2025-03-30,7,1112.31,2.22462,no,,0.47891
h1-2025,30,2025-03-02,2025-03-31,7,1112.31,2.22462,no,,0.47891
h1-2025,30,2025-03-03,2025-04-01,8,1332.89,2.66578,no,,0.47891
h1-2025,30,2025-03-04,2025-04-02,8,1332.89,2.66578,no,,0.47891
h1-2025,30,2025-03-05,2025-04-03,8,1332.89,2.66578,no,,0.47891
h1-2025,30,2025-03-06,2025-04-04,15,1812.32,3.62464,no,,0.47891
h1-2025,30,2025-03-07,2025-04-05,15,1812.32,3.62464,no,,0.47891
h1-2025,30,2025-03-08,2025-04-06,15,1812.32,3.62464,no,,0.47891
h1-2025,30,2025-03-09,2025-04-07,16,1569.28,3.13856,no,,0.47891
h1-2025,30,2025-03-10,2025-04-08,16,1569.28,3.13856,no,,0.47891
h1-2025,30,2025-03-11,2025-04-09,16,1569.28,3.13856,no,,0.47891
h1-2025,30,2025-03-12,2025-04-10,16,1569.28,3.13856,no,,0.47891
h1-2025,30,2025-03-13,2025-04-11,16,1569.28,3.13856,no,,0.47891
h1-2025,30,2025-03-14,2025-04-12,16,1569.28,3.13856,no,,0.47891
h1-2025,30,2025-03-15,2025-04-13,10,211.01,0.42202,no,,0.49192
h1-2025,30,2025-03-16,2025-04-14,10,211.01,0.42202,no,,0.49192
h1-2025,30,2025-03-17,2025-04-15,10,211.01,0.42202,no,,0.49192
h1-2025,30,2025-03-18,2025-04-16,10,211.01,0.42202,no,,0.49192
h1-2025,30,2025-03-19,2025-04-17,10,211.01,0.42202,no,,0.49192
h1-2025,30,2025-03-20,2025-04-18,10,211.01,0.42202,no,,0.49192
h1-2025,30,2025-03-21,2025-04-19,10,211.01,0.42202,no,,0.49192
h1-2025,30,2025-03-22,2025-04-20,10,211.01,0.42202,no,,0.49192
h1-2025,30,2025-03-23,2025-04-21,10,211.01,0.42202,no,,0.49192
h1-2025,30,2025-03-24,2025-04-22,10,211.01,0.42202,no,,0.49192
h1-2025,30,2025-03-25,2025-04-23,13,648.29,1.29658,no,,0.49192
h1-2025,30,2025-03-26,2025-04-24,13,648.29,1.29658,no,,0.49192
h1-2025,30,2025-03-27,2025-04-25,17,1652.08,3.30416,no,,0.479369
h1-2025,30,2025-03-28,2025-04-26,17,1652.08,3.30416,no,,0.479369
h1-2025,30,2025-03-29,2025-04-27,17,1652.08,3.30416,no,,0.479369
h1-2025,30,2025-03-30,2025-04-28,17,1652.08,3.30416,no,,0.479369
h1-2025,30,2025-03-31,2025-04-29,17,1652.08,3.30416,no,,0.479369
h1-2025,30,2025-04-01,2025-04-30,18,1545.68,3.09136,no,,0.479369
h1-2025,30,2025-04-02,2025-05-01,21,1572.7,3.1454,no,,0.481463
h1-2025,30,2025-04-03,2025-05-02,21,1572.7,3.1454,no,,0.481463
h1-2025,30,2025-04-04,2025-05-03,21,1572.7,3.1454,no,,0.481463
h1-2025,30,2025-04-05,2025-05-04,14,1093.27,2.18654,no,,0.48608
h1-2025,30,2025-04-06,2025-05-05,14,1093.27,2.18654,no,,0.48608
h1-2025,30,2025-04-07,2025-05-06,14,1093.27,2.18654,no,,0.48608
h1-2025,30,2025-04-08,2025-05-07,13,1336.31,2.67262,no,,0.446449
h1-2025,30,2025-04-09,2025-05-08,13,1336.31,2.67262,no,,0.446449
h1-2025,30,2025-04-10,2025-05-09,13,1336.31,2.67262,no,,0.446449
h1-2025,30,2025-04-11,2025-05-10,13,1336.31,2.67262,no,,0.446449
h1-2025,30,2025-04-12,2025-05-11,13,1336.31,2.67262,no,,0.446449
h1-2025,30,2025-04-13,2025-05-12,13,1336.31,2.67262,no,,0.446449
h1-2025,30,2025-04-14,2025-05-13,13,1336.31,2.67262,no,,0.446449
h1-2025,30,2025-04-15,2025-05-14,14,1200.79,2.40158,no,,0.446449
h1-2025,30,2025-04-16,2025-05-15,15,1075.57,2.15114,no,,0.507906
h1-2025,30,2025-04-17,2025-05-16,15,1075.57,2.15114,no,,0.507906
h1-2025,30,2025-04-18,2025-05-17,15,1075.57,2.15114,no,,0.507906
h1-2025,30,2025-04-19,2025-05-18,15,1075.57,2.15114,no,,0.507906
h1-2025,30,2025-04-20,2025-05-19,15,1075.57,2.15114,no,,0.507906
h1-2025,30,2025-04-21,2025-05-20,15,1075.57,2.15114,no,,0.507906
h1-2025,30,2025-04-22,2025-05-21,15,1075.57,2.15114,no,,0.507906
h1-2025,30,2025-04-23,2025-05-22,15,1075.57,2.15114,no,,0.507906
h1-2025,30,2025-04-24,2025-05-23,12,638.29,1.27658,no,,0.512269
h1-2025,30,2025-04-25,2025-05-24,12,638.29,1.27658,no,,0.512269
h1-2025,30,2025-04-26,2025-05-25,7,-119.54,-0.23908,no,,0.520011
h1-2025,30,2025-04-27,2025-05-26,7,-119.54,-0.23908,no,,0.520011
h1-2025,30,2025-04-28,2025-05-27,7,-119.54,-0.23908,no,,0.520011
h1-2025,30,2025-04-29,2025-05-28,7,-119.54,-0.23908,no,,0.520011
h1-2025,30,2025-04-30,2025-05-29,7,-119.54,-0.23908,no,,0.520011
h1-2025,30,2025-05-01,2025-05-30,6,-13.14,-0.02628,no,,0.51891
h1-2025,30,2025-05-02,2025-05-31,2,-260.74,-0.52148,no,,0.52148
h1-2025,30,2025-05-03,2025-06-01,2,-260.74,-0.52148,no,,0.52148
h1-2025,30,2025-05-04,2025-06-02,2,-260.74,-0.52148,no,,0.52148
h1-2025,30,2025-05-05,2025-06-03,2,-260.74,-0.52148,no,,0.52148
h1-2025,30,2025-05-06,2025-06-04,2,-260.74,-0.52148,no,,0.52148
h1-2025,30,2025-05-07,2025-06-05,2,-260.74,-0.52148,no,,0.52148
h1-2025,30,2025-05-08,2025-06-06,2,-260.74,-0.52148,no,,0.52148
h1-2025,30,2025-05-09,2025-06-07,2,-260.74,-0.52148,no,,0.52148
h1-2025,30,2025-05-10,2025-06-08,2,-260.74,-0.52148,no,,0.52148
h1-2025,30,2025-05-11,2025-06-09,2,-260.74,-0.52148,no,,0.52148
h1-2025,30,2025-05-12,2025-06-10,2,-260.74,-0.52148,no,,0.52148
h1-2025,30,2025-05-13,2025-06-11,2,-260.74,-0.52148,no,,0.52148
h1-2025,30,2025-05-14,2025-06-12,2,-260.74,-0.52148,no,,0.52148
h1-2025,30,2025-05-15,2025-06-13,1,-125.22,-0.25044,no,,0.25044
h1-2025,30,2025-05-16,2025-06-14,0,0,0.0,no,,0.0
h1-2025,30,2025-05-17,2025-06-15,0,0,0.0,no,,0.0
h1-2025,30,2025-05-18,2025-06-16,0,0,0.0,no,,0.0
h1-2025,30,2025-05-19,2025-06-17,3,-4.18,-0.00836,no,,0.18564
h1-2025,30,2025-05-20,2025-06-18,4,-128.29,-0.25658,no,,0.25658
h1-2025,30,2025-05-21,2025-06-19,5,-379.55,-0.7591,no,,0.7591
h1-2025,30,2025-05-22,2025-06-20,10,-153.73,-0.30746,no,,0.7591
h1-2025,30,2025-05-23,2025-06-21,10,-153.73,-0.30746,no,,0.7591
h1-2025,30,2025-05-24,2025-06-22,10,-153.73,-0.30746,no,,0.7591
h1-2025,30,2025-05-25,2025-06-23,10,-153.73,-0.30746,no,,0.7591
h1-2025,30,2025-05-26,2025-06-24,12,174.23,0.34846,no,,0.7591
h1-2025,60,2025-01-22,2025-03-22,13,2005.7,4.0114,no,,0.960115
h1-2025,60,2025-01-23,2025-03-23,10,1114.92,2.22984,no,,0.97722
h1-2025,60,2025-01-24,2025-03-24,10,1114.92,2.22984,no,,0.97722
h1-2025,60,2025-01-25,2025-03-25,10,1114.92,2.22984,no,,0.97722
h1-2025,60,2025-01-26,2025-03-26,11,868.96,1.73792,no,,0.97722
h1-2025,60,2025-01-27,2025-03-27,11,868.96,1.73792,no,,0.97722
h1-2025,60,2025-01-28,2025-03-28,11,868.96,1.73792,no,,0.97722
h1-2025,60,2025-01-29,2025-03-29,11,868.96,1.73792,no,,0.97722
h1-2025,60,2025-01-30,2025-03-30,11,868.96,1.73792,no,,0.97722
h1-2025,60,2025-01-31,2025-03-31,11,868.96,1.73792,no,,0.97722
h1-2025,60,2025-02-01,2025-04-01,12,1089.54,2.17908,no,,0.97722
h1-2025,60,2025-02-02,2025-04-02,12,1089.54,2.17908,no,,0.97722
h1-2025,60,2025-02-03,2025-04-03,12,1089.54,2.17908,no,,0.97722
h1-2025,60,2025-02-04,2025-04-04,19,1568.97,3.13794,no,,0.97722
h1-2025,60,2025-02-05,2025-04-05,19,1568.97,3.13794,no,,0.97722
h1-2025,60,2025-02-06,2025-04-06,19,1568.97,3.13794,no,,0.97722
h1-2025,60,2025-02-07,2025-04-07,20,1325.93,2.65186,no,,0.97722
h1-2025,60,2025-02-08,2025-04-08,20,1325.93,2.65186,no,,0.97722
h1-2025,60,2025-02-09,2025-04-09,20,1325.93,2.65186,no,,0.97722
h1-2025,60,2025-02-10,2025-04-10,20,1325.93,2.65186,no,,0.97722
h1-2025,60,2025-02-11,2025-04-11,20,1325.93,2.65186,no,,0.97722
h1-2025,60,2025-02-12,2025-04-12,20,1325.93,2.65186,no,,0.97722
h1-2025,60,2025-02-13,2025-04-13,20,1325.93,2.65186,no,,0.97722
h1-2025,60,2025-02-14,2025-04-14,20,1325.93,2.65186,no,,0.97722
h1-2025,60,2025-02-15,2025-04-15,20,1325.93,2.65186,no,,0.97722
h1-2025,60,2025-02-16,2025-04-16,20,1325.93,2.65186,no,,0.97722
h1-2025,60,2025-02-17,2025-04-17,20,1325.93,2.65186,no,,0.97722
h1-2025,60,2025-02-18,2025-04-18,20,1325.93,2.65186,no,,0.97722
h1-2025,60,2025-02-19,2025-04-19,20,1325.93,2.65186,no,,0.97722
h1-2025,60,2025-02-20,2025-04-20,20,1325.93,2.65186,no,,0.97722
h1-2025,60,2025-02-21,2025-04-21,20,1325.93,2.65186,no,,0.97722
h1-2025,60,2025-02-22,2025-04-22,20,1325.93,2.65186,no,,0.97722
h1-2025,60,2025-02-23,2025-04-23,23,1763.21,3.52642,no,,0.97722
h1-2025,60,2025-02-24,2025-04-24,23,1763.21,3.52642,no,,0.97722
h1-2025,60,2025-02-25,2025-04-25,28,2521.04,5.04208,no,,0.97722
h1-2025,60,2025-02-26,2025-04-26,28,2521.04,5.04208,no,,0.97722
h1-2025,60,2025-02-27,2025-04-27,26,3009.65,6.0193,no,,0.476634
h1-2025,60,2025-02-28,2025-04-28,25,2865.47,5.73094,no,,0.47797
h1-2025,60,2025-03-01,2025-04-29,24,2764.39,5.52878,no,,0.47891
h1-2025,60,2025-03-02,2025-04-30,25,2657.99,5.31598,no,,0.47891
h1-2025,60,2025-03-03,2025-05-01,29,2905.59,5.81118,no,,0.47891
h1-2025,60,2025-03-04,2025-05-02,29,2905.59,5.81118,no,,0.47891
h1-2025,60,2025-03-05,2025-05-03,29,2905.59,5.81118,no,,0.47891
h1-2025,60,2025-03-06,2025-05-04,29,2905.59,5.81118,no,,0.47891
h1-2025,60,2025-03-07,2025-05-05,29,2905.59,5.81118,no,,0.47891
h1-2025,60,2025-03-08,2025-05-06,29,2905.59,5.81118,no,,0.47891
h1-2025,60,2025-03-09,2025-05-07,29,2905.59,5.81118,no,,0.47891
h1-2025,60,2025-03-10,2025-05-08,29,2905.59,5.81118,no,,0.47891
h1-2025,60,2025-03-11,2025-05-09,29,2905.59,5.81118,no,,0.47891
h1-2025,60,2025-03-12,2025-05-10,29,2905.59,5.81118,no,,0.47891
h1-2025,60,2025-03-13,2025-05-11,29,2905.59,5.81118,no,,0.47891
h1-2025,60,2025-03-14,2025-05-12,29,2905.59,5.81118,no,,0.47891
h1-2025,60,2025-03-15,2025-05-13,23,1547.32,3.09464,no,,0.49192
h1-2025,60,2025-03-16,2025-05-14,24,1411.8,2.8236,no,,0.49192
h1-2025,60,2025-03-17,2025-05-15,25,1286.58,2.57316,no,,0.505826
h1-2025,60,2025-03-18,2025-05-16,25,1286.58,2.57316,no,,0.505826
h1-2025,60,2025-03-19,2025-05-17,25,1286.58,2.57316,no,,0.505826
h1-2025,60,2025-03-20,2025-05-18,25,1286.58,2.57316,no,,0.505826
h1-2025,60,2025-03-21,2025-05-19,25,1286.58,2.57316,no,,0.505826
h1-2025,60,2025-03-22,2025-05-20,25,1286.58,2.57316,no,,0.505826
h1-2025,60,2025-03-23,2025-05-21,25,1286.58,2.57316,no,,0.505826
h1-2025,60,2025-03-24,2025-05-22,25,1286.58,2.57316,no,,0.505826
h1-2025,60,2025-03-25,2025-05-23,25,1286.58,2.57316,no,,0.505826
h1-2025,60,2025-03-26,2025-05-24,25,1286.58,2.57316,no,,0.505826
h1-2025,60,2025-03-27,2025-05-25,24,1532.54,3.06508,no,,0.503424
h1-2025,60,2025-03-28,2025-05-26,24,1532.54,3.06508,no,,0.503424
h1-2025,60,2025-03-29,2025-05-27,24,1532.54,3.06508,no,,0.503424
h1-2025,60,2025-03-30,2025-05-28,24,1532.54,3.06508,no,,0.503424
h1-2025,60,2025-03-31,2025-05-29,24,1532.54,3.06508,no,,0.503424
h1-2025,60,2025-04-01,2025-05-30,24,1532.54,3.06508,no,,0.503424
h1-2025,60,2025-04-02,2025-05-31,23,1311.96,2.62392,no,,0.505578
h1-2025,60,2025-04-03,2025-06-01,23,1311.96,2.62392,no,,0.505578
h1-2025,60,2025-04-04,2025-06-02,23,1311.96,2.62392,no,,0.505578
h1-2025,60,2025-04-05,2025-06-03,16,832.53,1.66506,no,,0.510322
h1-2025,60,2025-04-06,2025-06-04,16,832.53,1.66506,no,,0.510322
h1-2025,60,2025-04-07,2025-06-05,16,832.53,1.66506,no,,0.510322
h1-2025,60,2025-04-08,2025-06-06,15,1075.57,2.15114,no,,0.507906
h1-2025,60,2025-04-09,2025-06-07,15,1075.57,2.15114,no,,0.507906
h1-2025,60,2025-04-10,2025-06-08,15,1075.57,2.15114,no,,0.507906
h1-2025,60,2025-04-11,2025-06-09,15,1075.57,2.15114,no,,0.507906
h1-2025,60,2025-04-12,2025-06-10,15,1075.57,2.15114,no,,0.507906
h1-2025,60,2025-04-13,2025-06-11,15,1075.57,2.15114,no,,0.507906
h1-2025,60,2025-04-14,2025-06-12,15,1075.57,2.15114,no,,0.507906
h1-2025,60,2025-04-15,2025-06-13,15,1075.57,2.15114,no,,0.507906
h1-2025,60,2025-04-16,2025-06-14,15,1075.57,2.15114,no,,0.507906
h1-2025,60,2025-04-17,2025-06-15,15,1075.57,2.15114,no,,0.507906
h1-2025,60,2025-04-18,2025-06-16,15,1075.57,2.15114,no,,0.507906
h1-2025,60,2025-04-19,2025-06-17,18,1071.39,2.14278,no,,0.688713
h1-2025,60,2025-04-20,2025-06-18,19,947.28,1.89456,no,,0.757807
h1-2025,60,2025-04-21,2025-06-19,20,696.02,1.39204,no,,1.247246
h1-2025,60,2025-04-22,2025-06-20,25,921.84,1.84368,no,,1.247246
h1-2025,60,2025-04-23,2025-06-21,25,921.84,1.84368,no,,1.247246
h1-2025,60,2025-04-24,2025-06-22,22,484.56,0.96912,no,,1.257961
h1-2025,60,2025-04-25,2025-06-23,22,484.56,0.96912,no,,1.257961
h1-2025,60,2025-04-26,2025-06-24,19,54.69,0.10938,no,,1.276974
h2-2025,30,2025-07-07,2025-08-05,11,482.11,0.96422,no,,0.803345
h2-2025,30,2025-07-08,2025-08-06,10,511.11,1.02222,no,,0.802888
h2-2025,30,2025-07-09,2025-08-07,10,511.11,1.02222,no,,0.802888
h2-2025,30,2025-07-10,2025-08-08,8,332.71,0.66542,no,,0.805711
h2-2025,30,2025-07-11,2025-08-09,8,332.71,0.66542,no,,0.805711
h2-2025,30,2025-07-12,2025-08-10,8,332.71,0.66542,no,,0.805711
h2-2025,30,2025-07-13,2025-08-11,11,764.32,1.52864,no,,0.805711
h2-2025,30,2025-07-14,2025-08-12,12,572.92,1.14584,no,,0.805711
h2-2025,30,2025-07-15,2025-08-13,12,572.92,1.14584,no,,0.805711
h2-2025,30,2025-07-16,2025-08-14,12,572.92,1.14584,no,,0.805711
h2-2025,30,2025-07-17,2025-08-15,12,572.92,1.14584,no,,0.805711
h2-2025,30,2025-07-18,2025-08-16,12,572.92,1.14584,no,,0.805711
h2-2025,30,2025-07-19,2025-08-17,12,572.92,1.14584,no,,0.805711
h2-2025,30,2025-07-20,2025-08-18,12,572.92,1.14584,no,,0.805711
h2-2025,30,2025-07-21,2025-08-19,12,572.92,1.14584,no,,0.805711
h2-2025,30,2025-07-22,2025-08-20,12,572.92,1.14584,no,,0.805711
h2-2025,30,2025-07-23,2025-08-21,12,572.92,1.14584,no,,0.805711
h2-2025,30,2025-07-24,2025-08-22,13,330.04,0.66008,no,,0.855483
h2-2025,30,2025-07-25,2025-08-23,7,-411.5,-0.823,no,,0.868164
h2-2025,30,2025-07-26,2025-08-24,7,-411.5,-0.823,no,,0.868164
h2-2025,30,2025-07-27,2025-08-25,7,-411.5,-0.823,no,,0.868164
h2-2025,30,2025-07-28,2025-08-26,7,-411.5,-0.823,no,,0.868164
h2-2025,30,2025-07-29,2025-08-27,7,-411.5,-0.823,no,,0.868164
h2-2025,30,2025-07-30,2025-08-28,6,-185.87,-0.37174,no,,0.864266
h2-2025,30,2025-07-31,2025-08-29,6,-185.87,-0.37174,no,,0.864266
h2-2025,30,2025-08-01,2025-08-30,6,-185.87,-0.37174,no,,0.864266
h2-2025,30,2025-08-02,2025-08-31,5,-2.67,-0.00534,no,,0.861127
h2-2025,30,2025-08-03,2025-09-01,5,-2.67,-0.00534,no,,0.861127
h2-2025,30,2025-08-04,2025-09-02,5,-2.67,-0.00534,no,,0.861127
h2-2025,30,2025-08-05,2025-09-03,5,-2.67,-0.00534,no,,0.861127
h2-2025,30,2025-08-06,2025-09-04,5,-2.67,-0.00534,no,,0.861127
h2-2025,30,2025-08-07,2025-09-05,10,1282.09,2.56418,no,,0.861127
h2-2025,30,2025-08-08,2025-09-06,10,1282.09,2.56418,no,,0.861127
h2-2025,30,2025-08-09,2025-09-07,10,1282.09,2.56418,no,,0.861127
h2-2025,30,2025-08-10,2025-09-08,10,1282.09,2.56418,no,,0.861127
h2-2025,30,2025-08-11,2025-09-09,10,1282.09,2.56418,no,,0.861127
h2-2025,30,2025-08-12,2025-09-10,8,342.4,0.6848,no,,0.999165
h2-2025,30,2025-08-13,2025-09-11,7,533.8,1.0676,no,,0.995418
h2-2025,30,2025-08-14,2025-09-12,7,533.8,1.0676,no,,0.995418
h2-2025,30,2025-08-15,2025-09-13,7,533.8,1.0676,no,,0.995418
h2-2025,30,2025-08-16,2025-09-14,7,533.8,1.0676,no,,0.995418
h2-2025,30,2025-08-17,2025-09-15,7,533.8,1.0676,no,,0.995418
h2-2025,30,2025-08-18,2025-09-16,7,533.8,1.0676,no,,0.995418
h2-2025,30,2025-08-19,2025-09-17,7,533.8,1.0676,no,,0.995418
h2-2025,30,2025-08-20,2025-09-18,7,533.8,1.0676,no,,0.995418
h2-2025,30,2025-08-21,2025-09-19,7,533.8,1.0676,no,,0.995418
h2-2025,30,2025-08-22,2025-09-20,7,533.8,1.0676,no,,0.995418
h2-2025,30,2025-08-23,2025-09-21,6,776.68,1.55336,no,,0.990704
h2-2025,30,2025-08-24,2025-09-22,6,776.68,1.55336,no,,0.990704
h2-2025,30,2025-08-25,2025-09-23,6,776.68,1.55336,no,,0.990704
h2-2025,30,2025-08-26,2025-09-24,6,776.68,1.55336,no,,0.990704
h2-2025,30,2025-08-27,2025-09-25,7,545.18,1.09036,no,,1.442105
h2-2025,30,2025-08-28,2025-09-26,7,545.18,1.09036,no,,1.442105
h2-2025,30,2025-08-29,2025-09-27,7,545.18,1.09036,no,,1.442105
h2-2025,30,2025-08-30,2025-09-28,7,545.18,1.09036,no,,1.442105
h2-2025,30,2025-08-31,2025-09-29,7,545.18,1.09036,no,,1.442105
h2-2025,30,2025-09-01,2025-09-30,9,-195.67,-0.39134,no,,2.886686
h2-2025,30,2025-09-02,2025-10-01,10,578.18,1.15636,no,,2.886686
h2-2025,30,2025-09-03,2025-10-02,10,578.18,1.15636,no,,2.886686
h2-2025,30,2025-09-04,2025-10-03,10,578.18,1.15636,no,,2.886686
h2-2025,30,2025-09-05,2025-10-04,10,578.18,1.15636,no,,2.886686
h2-2025,30,2025-09-06,2025-10-05,5,-706.58,-1.41316,no,,2.96086
h2-2025,30,2025-09-07,2025-10-06,5,-706.58,-1.41316,no,,2.96086
h2-2025,30,2025-09-08,2025-10-07,5,-706.58,-1.41316,no,,2.96086
h2-2025,30,2025-09-09,2025-10-08,5,-706.58,-1.41316,no,,2.96086
h2-2025,30,2025-09-10,2025-10-09,9,419.88,0.83976,no,,2.96086
h2-2025,30,2025-09-11,2025-10-10,8,927.96,1.85592,no,,1.9447
h2-2025,30,2025-09-12,2025-10-11,8,927.96,1.85592,no,,1.9447
h2-2025,30,2025-09-13,2025-10-12,8,927.96,1.85592,no,,1.9447
h2-2025,30,2025-09-14,2025-10-13,8,927.96,1.85592,no,,1.9447
h2-2025,30,2025-09-15,2025-10-14,10,136.6,0.2732,no,,1.9447
h2-2025,30,2025-09-16,2025-10-15,10,136.6,0.2732,no,,1.9447
h2-2025,30,2025-09-17,2025-10-16,10,136.6,0.2732,no,,1.9447
h2-2025,30,2025-09-18,2025-10-17,10,136.6,0.2732,no,,1.9447
h2-2025,30,2025-09-19,2025-10-18,10,136.6,0.2732,no,,1.9447
h2-2025,30,2025-09-20,2025-10-19,10,136.6,0.2732,no,,1.9447
h2-2025,30,2025-09-21,2025-10-20,10,136.6,0.2732,no,,1.9447
h2-2025,30,2025-09-22,2025-10-21,10,136.6,0.2732,no,,1.9447
h2-2025,30,2025-09-23,2025-10-22,10,136.6,0.2732,no,,1.9447
h2-2025,30,2025-09-24,2025-10-23,10,136.6,0.2732,no,,1.9447
h2-2025,30,2025-09-25,2025-10-24,13,582.9,1.1658,no,,1.9447
h2-2025,30,2025-09-26,2025-10-25,12,814.4,1.6288,no,,1.54685
h2-2025,30,2025-09-27,2025-10-26,12,814.4,1.6288,no,,1.54685
h2-2025,30,2025-09-28,2025-10-27,12,814.4,1.6288,no,,1.54685
h2-2025,30,2025-09-29,2025-10-28,12,814.4,1.6288,no,,1.54685
h2-2025,30,2025-09-30,2025-10-29,12,814.4,1.6288,no,,1.54685
h2-2025,30,2025-10-01,2025-10-30,10,1555.25,3.1105,no,,1.524769
h2-2025,30,2025-10-02,2025-10-31,9,781.4,1.5628,no,,1.547848
h2-2025,30,2025-10-03,2025-11-01,9,781.4,1.5628,no,,1.547848
h2-2025,30,2025-10-04,2025-11-02,9,781.4,1.5628,no,,1.547848
h2-2025,30,2025-10-05,2025-11-03,9,781.4,1.5628,no,,1.547848
h2-2025,30,2025-10-06,2025-11-04,10,520.37,1.04074,no,,1.547848
h2-2025,30,2025-10-07,2025-11-05,10,520.37,1.04074,no,,1.547848
h2-2025,30,2025-10-08,2025-11-06,10,520.37,1.04074,no,,1.547848
h2-2025,30,2025-10-09,2025-11-07,10,520.37,1.04074,no,,1.547848
h2-2025,30,2025-10-10,2025-11-08,6,-606.09,-1.21218,no,,1.58272
h2-2025,30,2025-10-11,2025-11-09,6,-606.09,-1.21218,no,,1.58272
h2-2025,30,2025-10-12,2025-11-10,6,-606.09,-1.21218,no,,1.58272
h2-2025,30,2025-10-13,2025-11-11,6,-606.09,-1.21218,no,,1.58272
h2-2025,30,2025-10-14,2025-11-12,6,-606.09,-1.21218,no,,1.58272
h2-2025,30,2025-10-15,2025-11-13,4,185.27,0.37054,no,,0.517441
h2-2025,30,2025-10-16,2025-11-14,4,185.27,0.37054,no,,0.517441
h2-2025,30,2025-10-17,2025-11-15,4,185.27,0.37054,no,,0.517441
h2-2025,30,2025-10-18,2025-11-16,4,185.27,0.37054,no,,0.517441
h2-2025,30,2025-10-19,2025-11-17,6,-181.05,-0.3621,no,,1.2436
h2-2025,30,2025-10-20,2025-11-18,6,-181.05,-0.3621,no,,1.2436
h2-2025,30,2025-10-21,2025-11-19,6,-181.05,-0.3621,no,,1.2436
h2-2025,30,2025-10-22,2025-11-20,6,-181.05,-0.3621,no,,1.2436
h2-2025,30,2025-10-23,2025-11-21,7,-410.85,-0.8217,no,,1.699134
h2-2025,30,2025-10-24,2025-11-22,7,-410.85,-0.8217,no,,1.699134
h2-2025,30,2025-10-25,2025-11-23,4,-857.15,-1.7143,no,,1.7143
h2-2025,30,2025-10-26,2025-11-24,4,-857.15,-1.7143,no,,1.7143
h2-2025,30,2025-10-27,2025-11-25,4,-857.15,-1.7143,no,,1.7143
h2-2025,30,2025-10-28,2025-11-26,4,-857.15,-1.7143,no,,1.7143
h2-2025,30,2025-10-29,2025-11-27,4,-857.15,-1.7143,no,,1.7143
h2-2025,30,2025-10-30,2025-11-28,4,-857.15,-1.7143,no,,1.7143
h2-2025,30,2025-10-31,2025-11-29,4,-857.15,-1.7143,no,,1.7143
h2-2025,30,2025-11-01,2025-11-30,4,-857.15,-1.7143,no,,1.7143
h2-2025,30,2025-11-02,2025-12-01,4,-857.15,-1.7143,no,,1.7143
h2-2025,30,2025-11-03,2025-12-02,5,-911.75,-1.8235,no,,1.8235
h2-2025,30,2025-11-04,2025-12-03,5,-911.75,-1.8235,no,,1.8235
h2-2025,30,2025-11-05,2025-12-04,4,-650.72,-1.30144,no,,1.30144
h2-2025,30,2025-11-06,2025-12-05,4,-650.72,-1.30144,no,,1.30144
h2-2025,30,2025-11-07,2025-12-06,4,-650.72,-1.30144,no,,1.30144
h2-2025,30,2025-11-08,2025-12-07,4,-650.72,-1.30144,no,,1.30144
h2-2025,30,2025-11-09,2025-12-08,4,-650.72,-1.30144,no,,1.30144
h2-2025,30,2025-11-10,2025-12-09,4,-650.72,-1.30144,no,,1.30144
h2-2025,30,2025-11-11,2025-12-10,4,-650.72,-1.30144,no,,1.30144
h2-2025,30,2025-11-12,2025-12-11,4,-650.72,-1.30144,no,,1.30144
h2-2025,30,2025-11-13,2025-12-12,6,-140.0,-0.28,no,,1.30144
h2-2025,30,2025-11-14,2025-12-13,6,-140.0,-0.28,no,,1.30144
h2-2025,30,2025-11-15,2025-12-14,6,-140.0,-0.28,no,,1.30144
h2-2025,30,2025-11-16,2025-12-15,6,-140.0,-0.28,no,,1.30144
h2-2025,30,2025-11-17,2025-12-16,6,-140.0,-0.28,no,,1.30144
h2-2025,30,2025-11-18,2025-12-17,9,1252.8,2.5056,no,,0.5688
h2-2025,30,2025-11-19,2025-12-18,9,1252.8,2.5056,no,,0.5688
h2-2025,30,2025-11-20,2025-12-19,9,1252.8,2.5056,no,,0.5688
h2-2025,30,2025-11-21,2025-12-20,9,1252.8,2.5056,no,,0.5688
h2-2025,30,2025-11-22,2025-12-21,8,1482.6,2.9652,no,,0.1092
h2-2025,30,2025-11-23,2025-12-22,8,1482.6,2.9652,no,,0.1092
h2-2025,30,2025-11-24,2025-12-23,8,1482.6,2.9652,no,,0.1092
h2-2025,30,2025-11-25,2025-12-24,8,1482.6,2.9652,no,,0.1092
h2-2025,30,2025-11-26,2025-12-25,8,1482.6,2.9652,no,,0.1092
h2-2025,30,2025-11-27,2025-12-26,11,2435.02,4.87004,no,,0.1092
h2-2025,30,2025-11-28,2025-12-27,11,2435.02,4.87004,no,,0.1092
h2-2025,30,2025-11-29,2025-12-28,11,2435.02,4.87004,no,,0.1092
h2-2025,30,2025-11-30,2025-12-29,12,2873.62,5.74724,no,,0.1092
h2-2025,30,2025-12-01,2025-12-30,12,2873.62,5.74724,no,,0.1092
h2-2025,30,2025-12-02,2025-12-31,13,3038.02,6.07604,no,,0.1092
h2-2025,60,2025-07-07,2025-09-04,16,479.44,0.95888,no,,0.852972
h2-2025,60,2025-07-08,2025-09-05,20,1793.2,3.5864,no,,0.852487
h2-2025,60,2025-07-09,2025-09-06,20,1793.2,3.5864,no,,0.852487
h2-2025,60,2025-07-10,2025-09-07,18,1614.8,3.2296,no,,0.855483
h2-2025,60,2025-07-11,2025-09-08,18,1614.8,3.2296,no,,0.855483
h2-2025,60,2025-07-12,2025-09-09,18,1614.8,3.2296,no,,0.855483
h2-2025,60,2025-07-13,2025-09-10,19,1106.72,2.21344,no,,0.984369
h2-2025,60,2025-07-14,2025-09-11,19,1106.72,2.21344,no,,0.984369
h2-2025,60,2025-07-15,2025-09-12,19,1106.72,2.21344,no,,0.984369
h2-2025,60,2025-07-16,2025-09-13,19,1106.72,2.21344,no,,0.984369
h2-2025,60,2025-07-17,2025-09-14,19,1106.72,2.21344,no,,0.984369
h2-2025,60,2025-07-18,2025-09-15,19,1106.72,2.21344,no,,0.984369
h2-2025,60,2025-07-19,2025-09-16,19,1106.72,2.21344,no,,0.984369
h2-2025,60,2025-07-20,2025-09-17,19,1106.72,2.21344,no,,0.984369
h2-2025,60,2025-07-21,2025-09-18,19,1106.72,2.21344,no,,0.984369
h2-2025,60,2025-07-22,2025-09-19,19,1106.72,2.21344,no,,0.984369
h2-2025,60,2025-07-23,2025-09-20,19,1106.72,2.21344,no,,0.984369
h2-2025,60,2025-07-24,2025-09-21,19,1106.72,2.21344,no,,0.984369
h2-2025,60,2025-07-25,2025-09-22,13,365.18,0.73036,no,,0.998717
h2-2025,60,2025-07-26,2025-09-23,13,365.18,0.73036,no,,0.998717
h2-2025,60,2025-07-27,2025-09-24,13,365.18,0.73036,no,,0.998717
h2-2025,60,2025-07-28,2025-09-25,14,133.68,0.26736,no,,1.45377
h2-2025,60,2025-07-29,2025-09-26,14,133.68,0.26736,no,,1.45377
h2-2025,60,2025-07-30,2025-09-27,13,359.31,0.71862,no,,1.44735
h2-2025,60,2025-07-31,2025-09-28,13,359.31,0.71862,no,,1.44735
h2-2025,60,2025-08-01,2025-09-29,13,359.31,0.71862,no,,1.44735
h2-2025,60,2025-08-02,2025-09-30,14,-198.34,-0.39668,no,,2.886836
h2-2025,60,2025-08-03,2025-10-01,15,575.51,1.15102,no,,2.886836
h2-2025,60,2025-08-04,2025-10-02,15,575.51,1.15102,no,,2.886836
h2-2025,60,2025-08-05,2025-10-03,15,575.51,1.15102,no,,2.886836
h2-2025,60,2025-08-06,2025-10-04,15,575.51,1.15102,no,,2.886836
h2-2025,60,2025-08-07,2025-10-05,15,575.51,1.15102,no,,2.886836
h2-2025,60,2025-08-08,2025-10-06,15,575.51,1.15102,no,,2.886836
h2-2025,60,2025-08-09,2025-10-07,15,575.51,1.15102,no,,2.886836
h2-2025,60,2025-08-10,2025-10-08,15,575.51,1.15102,no,,2.886836
h2-2025,60,2025-08-11,2025-10-09,19,1701.97,3.40394,no,,2.886836
h2-2025,60,2025-08-12,2025-10-10,16,1270.36,2.54072,no,,2.911339
h2-2025,60,2025-08-13,2025-10-11,15,1461.76,2.92352,no,,2.900422
h2-2025,60,2025-08-14,2025-10-12,15,1461.76,2.92352,no,,2.900422
h2-2025,60,2025-08-15,2025-10-13,15,1461.76,2.92352,no,,2.900422
h2-2025,60,2025-08-16,2025-10-14,17,670.4,1.3408,no,,2.900422
h2-2025,60,2025-08-17,2025-10-15,17,670.4,1.3408,no,,2.900422
h2-2025,60,2025-08-18,2025-10-16,17,670.4,1.3408,no,,2.900422
h2-2025,60,2025-08-19,2025-10-17,17,670.4,1.3408,no,,2.900422
h2-2025,60,2025-08-20,2025-10-18,17,670.4,1.3408,no,,2.900422
h2-2025,60,2025-08-21,2025-10-19,17,670.4,1.3408,no,,2.900422
h2-2025,60,2025-08-22,2025-10-20,17,670.4,1.3408,no,,2.900422
h2-2025,60,2025-08-23,2025-10-21,16,913.28,1.82656,no,,2.886686
h2-2025,60,2025-08-24,2025-10-22,16,913.28,1.82656,no,,2.886686
h2-2025,60,2025-08-25,2025-10-23,16,913.28,1.82656,no,,2.886686
h2-2025,60,2025-08-26,2025-10-24,19,1359.58,2.71916,no,,2.886686
h2-2025,60,2025-08-27,2025-10-25,19,1359.58,2.71916,no,,2.886686
h2-2025,60,2025-08-28,2025-10-26,19,1359.58,2.71916,no,,2.886686
h2-2025,60,2025-08-29,2025-10-27,19,1359.58,2.71916,no,,2.886686
h2-2025,60,2025-08-30,2025-10-28,19,1359.58,2.71916,no,,2.886686
h2-2025,60,2025-08-31,2025-10-29,19,1359.58,2.71916,no,,2.886686
h2-2025,60,2025-09-01,2025-10-30,19,1359.58,2.71916,no,,2.886686
h2-2025,60,2025-09-02,2025-10-31,19,1359.58,2.71916,no,,2.886686
h2-2025,60,2025-09-03,2025-11-01,19,1359.58,2.71916,no,,2.886686
h2-2025,60,2025-09-04,2025-11-02,19,1359.58,2.71916,no,,2.886686
h2-2025,60,2025-09-05,2025-11-03,19,1359.58,2.71916,no,,2.886686
h2-2025,60,2025-09-06,2025-11-04,15,-186.21,-0.37242,no,,2.96086
h2-2025,60,2025-09-07,2025-11-05,15,-186.21,-0.37242,no,,2.96086
h2-2025,60,2025-09-08,2025-11-06,15,-186.21,-0.37242,no,,2.96086
h2-2025,60,2025-09-09,2025-11-07,15,-186.21,-0.37242,no,,2.96086
h2-2025,60,2025-09-10,2025-11-08,15,-186.21,-0.37242,no,,2.96086
h2-2025,60,2025-09-11,2025-11-09,14,321.87,0.64374,no,,1.9447
h2-2025,60,2025-09-12,2025-11-10,14,321.87,0.64374,no,,1.9447
h2-2025,60,2025-09-13,2025-11-11,14,321.87,0.64374,no,,1.9447
h2-2025,60,2025-09-14,2025-11-12,14,321.87,0.64374,no,,1.9447
h2-2025,60,2025-09-15,2025-11-13,14,321.87,0.64374,no,,1.9447
h2-2025,60,2025-09-16,2025-11-14,14,321.87,0.64374,no,,1.9447
h2-2025,60,2025-09-17,2025-11-15,14,321.87,0.64374,no,,1.9447
h2-2025,60,2025-09-18,2025-11-16,14,321.87,0.64374,no,,1.9447
h2-2025,60,2025-09-19,2025-11-17,16,-44.45,-0.0889,no,,1.9447
h2-2025,60,2025-09-20,2025-11-18,16,-44.45,-0.0889,no,,1.9447
h2-2025,60,2025-09-21,2025-11-19,16,-44.45,-0.0889,no,,1.9447
h2-2025,60,2025-09-22,2025-11-20,16,-44.45,-0.0889,no,,1.9447
h2-2025,60,2025-09-23,2025-11-21,17,-274.25,-0.5485,no,,2.360609
h2-2025,60,2025-09-24,2025-11-22,17,-274.25,-0.5485,no,,2.360609
h2-2025,60,2025-09-25,2025-11-23,17,-274.25,-0.5485,no,,2.360609
h2-2025,60,2025-09-26,2025-11-24,16,-42.75,-0.0855,no,,2.349927
h2-2025,60,2025-09-27,2025-11-25,16,-42.75,-0.0855,no,,2.349927
h2-2025,60,2025-09-28,2025-11-26,16,-42.75,-0.0855,no,,2.349927
h2-2025,60,2025-09-29,2025-11-27,16,-42.75,-0.0855,no,,2.349927
h2-2025,60,2025-09-30,2025-11-28,16,-42.75,-0.0855,no,,2.349927
h2-2025,60,2025-10-01,2025-11-29,14,698.1,1.3962,no,,2.316383
h2-2025,60,2025-10-02,2025-11-30,13,-75.75,-0.1515,no,,2.351444
h2-2025,60,2025-10-03,2025-12-01,13,-75.75,-0.1515,no,,2.351444
h2-2025,60,2025-10-04,2025-12-02,14,-130.35,-0.2607,no,,2.458238
h2-2025,60,2025-10-05,2025-12-03,14,-130.35,-0.2607,no,,2.458238
h2-2025,60,2025-10-06,2025-12-04,14,-130.35,-0.2607,no,,2.458238
h2-2025,60,2025-10-07,2025-12-05,14,-130.35,-0.2607,no,,2.458238
h2-2025,60,2025-10-08,2025-12-06,14,-130.35,-0.2607,no,,2.458238
h2-2025,60,2025-10-09,2025-12-07,14,-130.35,-0.2607,no,,2.458238
h2-2025,60,2025-10-10,2025-12-08,10,-1256.81,-2.51362,no,,2.51362
h2-2025,60,2025-10-11,2025-12-09,10,-1256.81,-2.51362,no,,2.51362
h2-2025,60,2025-10-12,2025-12-10,10,-1256.81,-2.51362,no,,2.51362
h2-2025,60,2025-10-13,2025-12-11,10,-1256.81,-2.51362,no,,2.51362
h2-2025,60,2025-10-14,2025-12-12,12,-746.09,-1.49218,no,,2.51362
h2-2025,60,2025-10-15,2025-12-13,10,45.27,0.09054,no,,1.807367
h2-2025,60,2025-10-16,2025-12-14,10,45.27,0.09054,no,,1.807367
h2-2025,60,2025-10-17,2025-12-15,10,45.27,0.09054,no,,1.807367
h2-2025,60,2025-10-18,2025-12-16,10,45.27,0.09054,no,,1.807367
h2-2025,60,2025-10-19,2025-12-17,15,1071.75,2.1435,no,,1.807367
h2-2025,60,2025-10-20,2025-12-18,15,1071.75,2.1435,no,,1.807367
h2-2025,60,2025-10-21,2025-12-19,15,1071.75,2.1435,no,,1.807367
h2-2025,60,2025-10-22,2025-12-20,15,1071.75,2.1435,no,,1.807367
h2-2025,60,2025-10-23,2025-12-21,15,1071.75,2.1435,no,,1.807367
h2-2025,60,2025-10-24,2025-12-22,15,1071.75,2.1435,no,,1.807367
h2-2025,60,2025-10-25,2025-12-23,12,625.45,1.2509,no,,1.8235
h2-2025,60,2025-10-26,2025-12-24,12,625.45,1.2509,no,,1.8235
h2-2025,60,2025-10-27,2025-12-25,12,625.45,1.2509,no,,1.8235
h2-2025,60,2025-10-28,2025-12-26,15,1577.87,3.15574,no,,1.8235
h2-2025,60,2025-10-29,2025-12-27,15,1577.87,3.15574,no,,1.8235
h2-2025,60,2025-10-30,2025-12-28,15,1577.87,3.15574,no,,1.8235
h2-2025,60,2025-10-31,2025-12-29,16,2016.47,4.03294,no,,1.8235
h2-2025,60,2025-11-01,2025-12-30,16,2016.47,4.03294,no,,1.8235
h2-2025,60,2025-11-02,2025-12-31,17,2180.87,4.36174,no,,1.8235
h1-2026,30,2026-01-08,2026-02-06,3,310.39,0.62078,no,,0.0
h1-2026,30,2026-01-09,2026-02-07,0,0,0.0,no,,0.0
h1-2026,30,2026-01-10,2026-02-08,0,0,0.0,no,,0.0
h1-2026,30,2026-01-11,2026-02-09,0,0,0.0,no,,0.0
h1-2026,30,2026-01-12,2026-02-10,0,0,0.0,no,,0.0
h1-2026,30,2026-01-13,2026-02-11,0,0,0.0,no,,0.0
h1-2026,30,2026-01-14,2026-02-12,0,0,0.0,no,,0.0
h1-2026,30,2026-01-15,2026-02-13,1,-191.31,-0.38262,no,,0.38262
h1-2026,30,2026-01-16,2026-02-14,1,-191.31,-0.38262,no,,0.38262
h1-2026,30,2026-01-17,2026-02-15,1,-191.31,-0.38262,no,,0.38262
h1-2026,30,2026-01-18,2026-02-16,1,-191.31,-0.38262,no,,0.38262
h1-2026,30,2026-01-19,2026-02-17,1,-191.31,-0.38262,no,,0.38262
h1-2026,30,2026-01-20,2026-02-18,1,-191.31,-0.38262,no,,0.38262
h1-2026,30,2026-01-21,2026-02-19,1,-191.31,-0.38262,no,,0.38262
h1-2026,30,2026-01-22,2026-02-20,1,-191.31,-0.38262,no,,0.38262
h1-2026,30,2026-01-23,2026-02-21,1,-191.31,-0.38262,no,,0.38262
h1-2026,30,2026-01-24,2026-02-22,1,-191.31,-0.38262,no,,0.38262
h1-2026,30,2026-01-25,2026-02-23,1,-191.31,-0.38262,no,,0.38262
h1-2026,30,2026-01-26,2026-02-24,1,-191.31,-0.38262,no,,0.38262
h1-2026,30,2026-01-27,2026-02-25,1,-191.31,-0.38262,no,,0.38262
h1-2026,30,2026-01-28,2026-02-26,1,-191.31,-0.38262,no,,0.38262
h1-2026,30,2026-01-29,2026-02-27,1,-191.31,-0.38262,no,,0.38262
h1-2026,30,2026-01-30,2026-02-28,1,-191.31,-0.38262,no,,0.38262
h1-2026,30,2026-01-31,2026-03-01,1,-191.31,-0.38262,no,,0.38262
h1-2026,30,2026-02-01,2026-03-02,1,-191.31,-0.38262,no,,0.38262
h1-2026,30,2026-02-02,2026-03-03,1,-191.31,-0.38262,no,,0.38262
h1-2026,30,2026-02-03,2026-03-04,1,-191.31,-0.38262,no,,0.38262
h1-2026,30,2026-02-04,2026-03-05,2,-409.47,-0.81894,no,,0.81894
h1-2026,30,2026-02-05,2026-03-06,2,-409.47,-0.81894,no,,0.81894
h1-2026,30,2026-02-06,2026-03-07,2,-409.47,-0.81894,no,,0.81894
h1-2026,30,2026-02-07,2026-03-08,2,-409.47,-0.81894,no,,0.81894
h1-2026,30,2026-02-08,2026-03-09,2,-409.47,-0.81894,no,,0.81894
h1-2026,30,2026-02-09,2026-03-10,2,-409.47,-0.81894,no,,0.81894
h1-2026,30,2026-02-10,2026-03-11,2,-409.47,-0.81894,no,,0.81894
h1-2026,30,2026-02-11,2026-03-12,2,-409.47,-0.81894,no,,0.81894
h1-2026,30,2026-02-12,2026-03-13,5,-263.95,-0.5279,no,,0.81894
h1-2026,30,2026-02-13,2026-03-14,5,-263.95,-0.5279,no,,0.81894
h1-2026,30,2026-02-14,2026-03-15,4,-72.64,-0.14528,no,,0.43632
h1-2026,30,2026-02-15,2026-03-16,4,-72.64,-0.14528,no,,0.43632
h1-2026,30,2026-02-16,2026-03-17,4,-72.64,-0.14528,no,,0.43632
h1-2026,30,2026-02-17,2026-03-18,5,-287.53,-0.57506,no,,0.57506
h1-2026,30,2026-02-18,2026-03-19,5,-287.53,-0.57506,no,,0.57506
h1-2026,30,2026-02-19,2026-03-20,5,-287.53,-0.57506,no,,0.57506
h1-2026,30,2026-02-20,2026-03-21,5,-287.53,-0.57506,no,,0.57506
h1-2026,30,2026-02-21,2026-03-22,5,-287.53,-0.57506,no,,0.57506
h1-2026,30,2026-02-22,2026-03-23,5,-287.53,-0.57506,no,,0.57506
h1-2026,30,2026-02-23,2026-03-24,5,-287.53,-0.57506,no,,0.57506
h1-2026,30,2026-02-24,2026-03-25,5,-287.53,-0.57506,no,,0.57506
h1-2026,30,2026-02-25,2026-03-26,5,-287.53,-0.57506,no,,0.57506
h1-2026,30,2026-02-26,2026-03-27,5,-287.53,-0.57506,no,,0.57506
h1-2026,30,2026-02-27,2026-03-28,5,-287.53,-0.57506,no,,0.57506
h1-2026,30,2026-02-28,2026-03-29,5,-287.53,-0.57506,no,,0.57506
h1-2026,30,2026-03-01,2026-03-30,5,-287.53,-0.57506,no,,0.57506
h1-2026,30,2026-03-02,2026-03-31,5,-287.53,-0.57506,no,,0.57506
h1-2026,30,2026-03-03,2026-04-01,5,-287.53,-0.57506,no,,0.57506
h1-2026,30,2026-03-04,2026-04-02,5,-287.53,-0.57506,no,,0.57506
h1-2026,30,2026-03-05,2026-04-03,5,-287.53,-0.57506,no,,0.57506
h1-2026,30,2026-03-06,2026-04-04,4,-69.37,-0.13874,no,,0.428533
h1-2026,30,2026-03-07,2026-04-05,4,-69.37,-0.13874,no,,0.428533
h1-2026,30,2026-03-08,2026-04-06,5,-572.65,-1.1453,no,,1.432172
h1-2026,30,2026-03-09,2026-04-07,7,-453.16,-0.90632,no,,1.432172
h1-2026,30,2026-03-10,2026-04-08,7,-453.16,-0.90632,no,,1.432172
h1-2026,30,2026-03-11,2026-04-09,7,-453.16,-0.90632,no,,1.432172
h1-2026,30,2026-03-12,2026-04-10,7,-453.16,-0.90632,no,,1.432172
h1-2026,30,2026-03-13,2026-04-11,7,-453.16,-0.90632,no,,1.432172
h1-2026,30,2026-03-14,2026-04-12,4,-598.68,-1.19736,no,,1.43634
h1-2026,30,2026-03-15,2026-04-13,4,-598.68,-1.19736,no,,1.43634
h1-2026,30,2026-03-16,2026-04-14,4,-598.68,-1.19736,no,,1.43634
h1-2026,30,2026-03-17,2026-04-15,4,-598.68,-1.19736,no,,1.43634
h1-2026,30,2026-03-18,2026-04-16,4,-598.68,-1.19736,no,,1.43634
h1-2026,30,2026-03-19,2026-04-17,5,-870.0,-1.74,no,,1.74
h1-2026,30,2026-03-20,2026-04-18,5,-870.0,-1.74,no,,1.74
h1-2026,30,2026-03-21,2026-04-19,5,-870.0,-1.74,no,,1.74
h1-2026,30,2026-03-22,2026-04-20,5,-870.0,-1.74,no,,1.74
h1-2026,30,2026-03-23,2026-04-21,6,-1059.44,-2.11888,no,,2.11888
h1-2026,30,2026-03-24,2026-04-22,6,-1059.44,-2.11888,no,,2.11888
h1-2026,30,2026-03-25,2026-04-23,7,-1275.18,-2.55036,no,,2.55036
h1-2026,30,2026-03-26,2026-04-24,7,-1275.18,-2.55036,no,,2.55036
h1-2026,30,2026-03-27,2026-04-25,7,-1275.18,-2.55036,no,,2.55036
h1-2026,30,2026-03-28,2026-04-26,7,-1275.18,-2.55036,no,,2.55036
h1-2026,30,2026-03-29,2026-04-27,7,-1275.18,-2.55036,no,,2.55036
h1-2026,30,2026-03-30,2026-04-28,10,-923.97,-1.84794,no,,2.55036
h1-2026,30,2026-03-31,2026-04-29,13,-512.72,-1.02544,no,,2.55036
h1-2026,30,2026-04-01,2026-04-30,13,-512.72,-1.02544,no,,2.55036
h1-2026,30,2026-04-02,2026-05-01,13,-512.72,-1.02544,no,,2.55036
h1-2026,30,2026-04-03,2026-05-02,13,-512.72,-1.02544,no,,2.55036
h1-2026,30,2026-04-04,2026-05-03,13,-512.72,-1.02544,no,,2.55036
h1-2026,30,2026-04-05,2026-05-04,13,-512.72,-1.02544,no,,2.55036
h1-2026,30,2026-04-06,2026-05-05,13,-512.72,-1.02544,no,,2.55036
h1-2026,30,2026-04-07,2026-05-06,12,-9.44,-0.01888,no,,1.779353
h1-2026,30,2026-04-08,2026-05-07,10,-128.93,-0.25786,no,,1.78278
h1-2026,30,2026-04-09,2026-05-08,10,-128.93,-0.25786,no,,1.78278
h1-2026,30,2026-04-10,2026-05-09,10,-128.93,-0.25786,no,,1.78278
h1-2026,30,2026-04-11,2026-05-10,10,-128.93,-0.25786,no,,1.78278
h1-2026,30,2026-04-12,2026-05-11,10,-128.93,-0.25786,no,,1.78278
h1-2026,30,2026-04-13,2026-05-12,10,-128.93,-0.25786,no,,1.78278
h1-2026,30,2026-04-14,2026-05-13,11,-355.39,-0.71078,no,,1.78278
h1-2026,30,2026-04-15,2026-05-14,11,-355.39,-0.71078,no,,1.78278
h1-2026,30,2026-04-16,2026-05-15,13,-30.29,-0.06058,no,,1.78278
h1-2026,30,2026-04-17,2026-05-16,13,-30.29,-0.06058,no,,1.78278
h1-2026,30,2026-04-18,2026-05-17,11,455.92,0.91184,no,,0.81036
h1-2026,30,2026-04-19,2026-05-18,11,455.92,0.91184,no,,0.81036
h1-2026,30,2026-04-20,2026-05-19,14,883.54,1.76708,no,,0.81036
h1-2026,30,2026-04-21,2026-05-20,14,883.54,1.76708,no,,0.81036
h1-2026,30,2026-04-22,2026-05-21,13,1072.98,2.14596,no,,0.448021
h1-2026,30,2026-04-23,2026-05-22,13,1072.98,2.14596,no,,0.448021
h1-2026,30,2026-04-24,2026-05-23,12,1288.72,2.57744,no,,0.446117
h1-2026,30,2026-04-25,2026-05-24,12,1288.72,2.57744,no,,0.446117
h1-2026,30,2026-04-26,2026-05-25,12,1288.72,2.57744,no,,0.446117
h1-2026,30,2026-04-27,2026-05-26,12,1288.72,2.57744,no,,0.446117
h1-2026,30,2026-04-28,2026-05-27,12,1288.72,2.57744,no,,0.446117
h1-2026,30,2026-04-29,2026-05-28,10,702.16,1.40432,no,,0.462037
h1-2026,30,2026-04-30,2026-05-29,7,290.91,0.58182,no,,0.465797
h1-2026,30,2026-05-01,2026-05-30,7,290.91,0.58182,no,,0.465797
h1-2026,30,2026-05-02,2026-05-31,7,290.91,0.58182,no,,0.465797
h1-2026,30,2026-05-03,2026-06-01,7,290.91,0.58182,no,,0.465797
h1-2026,30,2026-05-04,2026-06-02,7,290.91,0.58182,no,,0.465797
h1-2026,30,2026-05-05,2026-06-03,12,936.5,1.873,no,,0.465797
h1-2026,30,2026-05-06,2026-06-04,12,936.5,1.873,no,,0.465797
h1-2026,30,2026-05-07,2026-06-05,13,687.24,1.37448,no,,0.489354
h1-2026,30,2026-05-08,2026-06-06,13,687.24,1.37448,no,,0.489354
h1-2026,30,2026-05-09,2026-06-07,13,687.24,1.37448,no,,0.489354
h1-2026,30,2026-05-10,2026-06-08,17,824.17,1.64834,no,,0.498076
h1-2026,30,2026-05-11,2026-06-09,17,824.17,1.64834,no,,0.498076
h1-2026,30,2026-05-12,2026-06-10,17,824.17,1.64834,no,,0.498076
h1-2026,30,2026-05-13,2026-06-11,17,824.17,1.64834,no,,0.498076
h1-2026,30,2026-05-14,2026-06-12,16,1050.63,2.10126,no,,0.495877
h1-2026,30,2026-05-15,2026-06-13,16,1050.63,2.10126,no,,0.495877
h1-2026,30,2026-05-16,2026-06-14,14,725.53,1.45106,no,,0.499039
h1-2026,30,2026-05-17,2026-06-15,14,725.53,1.45106,no,,0.499039
h1-2026,30,2026-05-18,2026-06-16,14,725.53,1.45106,no,,0.499039
h1-2026,30,2026-05-19,2026-06-17,14,725.53,1.45106,no,,0.499039
h1-2026,30,2026-05-20,2026-06-18,14,623.78,1.24756,no,,0.503261
h1-2026,30,2026-05-21,2026-06-19,14,623.78,1.24756,no,,0.503261
h1-2026,30,2026-05-22,2026-06-20,14,623.78,1.24756,no,,0.503261
h1-2026,30,2026-05-23,2026-06-21,14,623.78,1.24756,no,,0.503261
h1-2026,30,2026-05-24,2026-06-22,14,623.78,1.24756,no,,0.503261
h1-2026,30,2026-05-25,2026-06-23,16,948.22,1.89644,no,,0.503261
h1-2026,30,2026-05-26,2026-06-24,16,948.22,1.89644,no,,0.503261
h1-2026,30,2026-05-27,2026-06-25,17,733.0,1.466,no,,0.503261
h1-2026,60,2026-01-08,2026-03-08,5,-99.08,-0.19816,no,,0.813888
h1-2026,60,2026-01-09,2026-03-09,2,-409.47,-0.81894,no,,0.81894
h1-2026,60,2026-01-10,2026-03-10,2,-409.47,-0.81894,no,,0.81894
h1-2026,60,2026-01-11,2026-03-11,2,-409.47,-0.81894,no,,0.81894
h1-2026,60,2026-01-12,2026-03-12,2,-409.47,-0.81894,no,,0.81894
h1-2026,60,2026-01-13,2026-03-13,5,-263.95,-0.5279,no,,0.81894
h1-2026,60,2026-01-14,2026-03-14,5,-263.95,-0.5279,no,,0.81894
h1-2026,60,2026-01-15,2026-03-15,5,-263.95,-0.5279,no,,0.81894
h1-2026,60,2026-01-16,2026-03-16,5,-263.95,-0.5279,no,,0.81894
h1-2026,60,2026-01-17,2026-03-17,5,-263.95,-0.5279,no,,0.81894
h1-2026,60,2026-01-18,2026-03-18,6,-478.84,-0.95768,no,,0.95768
h1-2026,60,2026-01-19,2026-03-19,6,-478.84,-0.95768,no,,0.95768
h1-2026,60,2026-01-20,2026-03-20,6,-478.84,-0.95768,no,,0.95768
h1-2026,60,2026-01-21,2026-03-21,6,-478.84,-0.95768,no,,0.95768
h1-2026,60,2026-01-22,2026-03-22,6,-478.84,-0.95768,no,,0.95768
h1-2026,60,2026-01-23,2026-03-23,6,-478.84,-0.95768,no,,0.95768
h1-2026,60,2026-01-24,2026-03-24,6,-478.84,-0.95768,no,,0.95768
h1-2026,60,2026-01-25,2026-03-25,6,-478.84,-0.95768,no,,0.95768
h1-2026,60,2026-01-26,2026-03-26,6,-478.84,-0.95768,no,,0.95768
h1-2026,60,2026-01-27,2026-03-27,6,-478.84,-0.95768,no,,0.95768
h1-2026,60,2026-01-28,2026-03-28,6,-478.84,-0.95768,no,,0.95768
h1-2026,60,2026-01-29,2026-03-29,6,-478.84,-0.95768,no,,0.95768
h1-2026,60,2026-01-30,2026-03-30,6,-478.84,-0.95768,no,,0.95768
h1-2026,60,2026-01-31,2026-03-31,6,-478.84,-0.95768,no,,0.95768
h1-2026,60,2026-02-01,2026-04-01,6,-478.84,-0.95768,no,,0.95768
h1-2026,60,2026-02-02,2026-04-02,6,-478.84,-0.95768,no,,0.95768
h1-2026,60,2026-02-03,2026-04-03,6,-478.84,-0.95768,no,,0.95768
h1-2026,60,2026-02-04,2026-04-04,6,-478.84,-0.95768,no,,0.95768
h1-2026,60,2026-02-05,2026-04-05,6,-478.84,-0.95768,no,,0.95768
h1-2026,60,2026-02-06,2026-04-06,7,-982.12,-1.96424,no,,1.96424
h1-2026,60,2026-02-07,2026-04-07,9,-862.63,-1.72526,no,,1.96424
h1-2026,60,2026-02-08,2026-04-08,9,-862.63,-1.72526,no,,1.96424
h1-2026,60,2026-02-09,2026-04-09,9,-862.63,-1.72526,no,,1.96424
h1-2026,60,2026-02-10,2026-04-10,9,-862.63,-1.72526,no,,1.96424
h1-2026,60,2026-02-11,2026-04-11,9,-862.63,-1.72526,no,,1.96424
h1-2026,60,2026-02-12,2026-04-12,9,-862.63,-1.72526,no,,1.96424
h1-2026,60,2026-02-13,2026-04-13,9,-862.63,-1.72526,no,,1.96424
h1-2026,60,2026-02-14,2026-04-14,8,-671.32,-1.34264,no,,1.58162
h1-2026,60,2026-02-15,2026-04-15,8,-671.32,-1.34264,no,,1.58162
h1-2026,60,2026-02-16,2026-04-16,8,-671.32,-1.34264,no,,1.58162
h1-2026,60,2026-02-17,2026-04-17,10,-1157.53,-2.31506,no,,2.31506
h1-2026,60,2026-02-18,2026-04-18,10,-1157.53,-2.31506,no,,2.31506
h1-2026,60,2026-02-19,2026-04-19,10,-1157.53,-2.31506,no,,2.31506
h1-2026,60,2026-02-20,2026-04-20,10,-1157.53,-2.31506,no,,2.31506
h1-2026,60,2026-02-21,2026-04-21,11,-1346.97,-2.69394,no,,2.69394
h1-2026,60,2026-02-22,2026-04-22,11,-1346.97,-2.69394,no,,2.69394
h1-2026,60,2026-02-23,2026-04-23,12,-1562.71,-3.12542,no,,3.12542
h1-2026,60,2026-02-24,2026-04-24,12,-1562.71,-3.12542,no,,3.12542
h1-2026,60,2026-02-25,2026-04-25,12,-1562.71,-3.12542,no,,3.12542
h1-2026,60,2026-02-26,2026-04-26,12,-1562.71,-3.12542,no,,3.12542
h1-2026,60,2026-02-27,2026-04-27,12,-1562.71,-3.12542,no,,3.12542
h1-2026,60,2026-02-28,2026-04-28,15,-1211.5,-2.423,no,,3.12542
h1-2026,60,2026-03-01,2026-04-29,18,-800.25,-1.6005,no,,3.12542
h1-2026,60,2026-03-02,2026-04-30,18,-800.25,-1.6005,no,,3.12542
h1-2026,60,2026-03-03,2026-05-01,18,-800.25,-1.6005,no,,3.12542
h1-2026,60,2026-03-04,2026-05-02,18,-800.25,-1.6005,no,,3.12542
h1-2026,60,2026-03-05,2026-05-03,18,-800.25,-1.6005,no,,3.12542
h1-2026,60,2026-03-06,2026-05-04,17,-582.09,-1.16418,no,,2.971492
h1-2026,60,2026-03-07,2026-05-05,17,-582.09,-1.16418,no,,2.971492
h1-2026,60,2026-03-08,2026-05-06,17,-582.09,-1.16418,no,,2.971492
h1-2026,60,2026-03-09,2026-05-07,17,-582.09,-1.16418,no,,2.971492
h1-2026,60,2026-03-10,2026-05-08,17,-582.09,-1.16418,no,,2.971492
h1-2026,60,2026-03-11,2026-05-09,17,-582.09,-1.16418,no,,2.971492
h1-2026,60,2026-03-12,2026-05-10,17,-582.09,-1.16418,no,,2.971492
h1-2026,60,2026-03-13,2026-05-11,17,-582.09,-1.16418,no,,2.971492
h1-2026,60,2026-03-14,2026-05-12,14,-727.61,-1.45522,no,,2.98014
h1-2026,60,2026-03-15,2026-05-13,15,-954.07,-1.90814,no,,2.98014
h1-2026,60,2026-03-16,2026-05-14,15,-954.07,-1.90814,no,,2.98014
h1-2026,60,2026-03-17,2026-05-15,17,-628.97,-1.25794,no,,2.98014
h1-2026,60,2026-03-18,2026-05-16,17,-628.97,-1.25794,no,,2.98014
h1-2026,60,2026-03-19,2026-05-17,16,-414.08,-0.82816,no,,2.55036
h1-2026,60,2026-03-20,2026-05-18,16,-414.08,-0.82816,no,,2.55036
h1-2026,60,2026-03-21,2026-05-19,19,13.54,0.02708,no,,2.55036
h1-2026,60,2026-03-22,2026-05-20,19,13.54,0.02708,no,,2.55036
h1-2026,60,2026-03-23,2026-05-21,19,13.54,0.02708,no,,2.55036
h1-2026,60,2026-03-24,2026-05-22,19,13.54,0.02708,no,,2.55036
h1-2026,60,2026-03-25,2026-05-23,19,13.54,0.02708,no,,2.55036
h1-2026,60,2026-03-26,2026-05-24,19,13.54,0.02708,no,,2.55036
h1-2026,60,2026-03-27,2026-05-25,19,13.54,0.02708,no,,2.55036
h1-2026,60,2026-03-28,2026-05-26,19,13.54,0.02708,no,,2.55036
h1-2026,60,2026-03-29,2026-05-27,19,13.54,0.02708,no,,2.55036
h1-2026,60,2026-03-30,2026-05-28,20,-221.81,-0.44362,no,,2.55036
h1-2026,60,2026-03-31,2026-05-29,20,-221.81,-0.44362,no,,2.55036
h1-2026,60,2026-04-01,2026-05-30,20,-221.81,-0.44362,no,,2.55036
h1-2026,60,2026-04-02,2026-05-31,20,-221.81,-0.44362,no,,2.55036
h1-2026,60,2026-04-03,2026-06-01,20,-221.81,-0.44362,no,,2.55036
h1-2026,60,2026-04-04,2026-06-02,20,-221.81,-0.44362,no,,2.55036
h1-2026,60,2026-04-05,2026-06-03,25,423.78,0.84756,no,,2.55036
h1-2026,60,2026-04-06,2026-06-04,25,423.78,0.84756,no,,2.55036
h1-2026,60,2026-04-07,2026-06-05,25,677.8,1.3556,no,,1.779353
h1-2026,60,2026-04-08,2026-06-06,23,558.31,1.11662,no,,1.78278
h1-2026,60,2026-04-09,2026-06-07,23,558.31,1.11662,no,,1.78278
h1-2026,60,2026-04-10,2026-06-08,27,695.24,1.39048,no,,1.78278
h1-2026,60,2026-04-11,2026-06-09,27,695.24,1.39048,no,,1.78278
h1-2026,60,2026-04-12,2026-06-10,27,695.24,1.39048,no,,1.78278
h1-2026,60,2026-04-13,2026-06-11,27,695.24,1.39048,no,,1.78278
h1-2026,60,2026-04-14,2026-06-12,27,695.24,1.39048,no,,1.78278
h1-2026,60,2026-04-15,2026-06-13,27,695.24,1.39048,no,,1.78278
h1-2026,60,2026-04-16,2026-06-14,27,695.24,1.39048,no,,1.78278
h1-2026,60,2026-04-17,2026-06-15,27,695.24,1.39048,no,,1.78278
h1-2026,60,2026-04-18,2026-06-16,25,1181.45,2.3629,no,,0.81036
h1-2026,60,2026-04-19,2026-06-17,25,1181.45,2.3629,no,,0.81036
h1-2026,60,2026-04-20,2026-06-18,28,1507.32,3.01464,no,,0.81036
h1-2026,60,2026-04-21,2026-06-19,28,1507.32,3.01464,no,,0.81036
h1-2026,60,2026-04-22,2026-06-20,27,1696.76,3.39352,no,,0.492801
h1-2026,60,2026-04-23,2026-06-21,27,1696.76,3.39352,no,,0.492801
h1-2026,60,2026-04-24,2026-06-22,26,1912.5,3.825,no,,0.49075
h1-2026,60,2026-04-25,2026-06-23,28,2236.94,4.47388,no,,0.49075
h1-2026,60,2026-04-26,2026-06-24,28,2236.94,4.47388,no,,0.49075
h1-2026,60,2026-04-27,2026-06-25,29,2021.72,4.04344,no,,0.49075
